
---
events:
  -
    kind: "message-v1"
    backtrace:
      - "C:/Program Files/Microsoft Visual Studio/2022/Community/Common7/IDE/CommonExtensions/Microsoft/CMake/CMake/share/cmake-3.31/Modules/CMakeDetermineSystem.cmake:205 (message)"
      - "CMakeLists.txt:11 (project)"
    message: |
      The system is: Windows - 10.0.26100 - AMD64
  -
    kind: "message-v1"
    backtrace:
      - "C:/Program Files/Microsoft Visual Studio/2022/Community/Common7/IDE/CommonExtensions/Microsoft/CMake/CMake/share/cmake-3.31/Modules/CMakeDetermineCompilerId.cmake:17 (message)"
      - "C:/Program Files/Microsoft Visual Studio/2022/Community/Common7/IDE/CommonExtensions/Microsoft/CMake/CMake/share/cmake-3.31/Modules/CMakeDetermineCompilerId.cmake:64 (__determine_compiler_id_test)"
      - "C:/Program Files/Microsoft Visual Studio/2022/Community/Common7/IDE/CommonExtensions/Microsoft/CMake/CMake/share/cmake-3.31/Modules/CMakeDetermineCCompiler.cmake:123 (CMAKE_DETERMINE_COMPILER_ID)"
      - "CMakeLists.txt:11 (project)"
    message: |
      Compiling the C compiler identification source file "CMakeCCompilerId.c" succeeded.
      Compiler: C:/Program Files/Microsoft Visual Studio/2022/Community/VC/Tools/MSVC/14.44.35207/bin/Hostx64/x64/cl.exe 
      Build flags: /nologo;/DWIN32;/D_WINDOWS;/utf-8;/MP
      Id flags:  
      
      The output was:
      0
      CMakeCCompilerId.c
      
      
      Compilation of the C compiler identification source "CMakeCCompilerId.c" produced "CMakeCCompilerId.exe"
      
      Compilation of the C compiler identification source "CMakeCCompilerId.c" produced "CMakeCCompilerId.obj"
      
      The C compiler identification is MSVC, found in:
        C:/Users/bahar/Programming/.cpp/Projects/Ping Pong/vcpkg_installed/vcpkg/blds/libflac/x64-windows-dbg/CMakeFiles/3.31.6-msvc6/CompilerIdC/CMakeCCompilerId.exe
      
  -
    kind: "message-v1"
    backtrace:
      - "C:/Program Files/Microsoft Visual Studio/2022/Community/Common7/IDE/CommonExtensions/Microsoft/CMake/CMake/share/cmake-3.31/Modules/CMakeDetermineCompilerId.cmake:1288 (message)"
      - "C:/Program Files/Microsoft Visual Studio/2022/Community/Common7/IDE/CommonExtensions/Microsoft/CMake/CMake/share/cmake-3.31/Modules/CMakeDetermineCompilerId.cmake:250 (CMAKE_DETERMINE_MSVC_SHOWINCLUDES_PREFIX)"
      - "C:/Program Files/Microsoft Visual Studio/2022/Community/Common7/IDE/CommonExtensions/Microsoft/CMake/CMake/share/cmake-3.31/Modules/CMakeDetermineCCompiler.cmake:123 (CMAKE_DETERMINE_COMPILER_ID)"
      - "CMakeLists.txt:11 (project)"
    message: |
      Detecting C compiler /showIncludes prefix:
        main.c
        Примечание: включение файла:  C:\\Users\\bahar\\Programming\\.cpp\\Projects\\Ping Pong\\vcpkg_installed\\vcpkg\\blds\\libflac\\x64-windows-dbg\\CMakeFiles\\ShowIncludes\\foo.h
        
      Found prefix "Примечание: включение файла:  "
  -
    kind: "message-v1"
    backtrace:
      - "C:/Program Files/Microsoft Visual Studio/2022/Community/Common7/IDE/CommonExtensions/Microsoft/CMake/CMake/share/cmake-3.31/Modules/CMakeDetermineCompilerId.cmake:17 (message)"
      - "C:/Program Files/Microsoft Visual Studio/2022/Community/Common7/IDE/CommonExtensions/Microsoft/CMake/CMake/share/cmake-3.31/Modules/CMakeDetermineCompilerId.cmake:64 (__determine_compiler_id_test)"
      - "C:/Program Files/Microsoft Visual Studio/2022/Community/Common7/IDE/CommonExtensions/Microsoft/CMake/CMake/share/cmake-3.31/Modules/CMakeDetermineCXXCompiler.cmake:126 (CMAKE_DETERMINE_COMPILER_ID)"
      - "CMakeLists.txt:11 (project)"
    message: |
      Compiling the CXX compiler identification source file "CMakeCXXCompilerId.cpp" succeeded.
      Compiler: C:/Program Files/Microsoft Visual Studio/2022/Community/VC/Tools/MSVC/14.44.35207/bin/Hostx64/x64/cl.exe 
      Build flags: /nologo;/DWIN32;/D_WINDOWS;/utf-8;/GR;/EHsc;/MP
      Id flags:  
      
      The output was:
      0
      CMakeCXXCompilerId.cpp
      
      
      Compilation of the CXX compiler identification source "CMakeCXXCompilerId.cpp" produced "CMakeCXXCompilerId.exe"
      
      Compilation of the CXX compiler identification source "CMakeCXXCompilerId.cpp" produced "CMakeCXXCompilerId.obj"
      
      The CXX compiler identification is MSVC, found in:
        C:/Users/bahar/Programming/.cpp/Projects/Ping Pong/vcpkg_installed/vcpkg/blds/libflac/x64-windows-dbg/CMakeFiles/3.31.6-msvc6/CompilerIdCXX/CMakeCXXCompilerId.exe
      
  -
    kind: "message-v1"
    backtrace:
      - "C:/Program Files/Microsoft Visual Studio/2022/Community/Common7/IDE/CommonExtensions/Microsoft/CMake/CMake/share/cmake-3.31/Modules/CMakeDetermineCompilerId.cmake:1288 (message)"
      - "C:/Program Files/Microsoft Visual Studio/2022/Community/Common7/IDE/CommonExtensions/Microsoft/CMake/CMake/share/cmake-3.31/Modules/CMakeDetermineCompilerId.cmake:250 (CMAKE_DETERMINE_MSVC_SHOWINCLUDES_PREFIX)"
      - "C:/Program Files/Microsoft Visual Studio/2022/Community/Common7/IDE/CommonExtensions/Microsoft/CMake/CMake/share/cmake-3.31/Modules/CMakeDetermineCXXCompiler.cmake:126 (CMAKE_DETERMINE_COMPILER_ID)"
      - "CMakeLists.txt:11 (project)"
    message: |
      Detecting CXX compiler /showIncludes prefix:
        main.c
        Примечание: включение файла:  C:\\Users\\bahar\\Programming\\.cpp\\Projects\\Ping Pong\\vcpkg_installed\\vcpkg\\blds\\libflac\\x64-windows-dbg\\CMakeFiles\\ShowIncludes\\foo.h
        
      Found prefix "Примечание: включение файла:  "
  -
    kind: "try_compile-v1"
    backtrace:
      - "C:/Program Files/Microsoft Visual Studio/2022/Community/Common7/IDE/CommonExtensions/Microsoft/CMake/CMake/share/cmake-3.31/Modules/CMakeDetermineCompilerABI.cmake:74 (try_compile)"
      - "C:/Program Files/Microsoft Visual Studio/2022/Community/Common7/IDE/CommonExtensions/Microsoft/CMake/CMake/share/cmake-3.31/Modules/CMakeTestCCompiler.cmake:26 (CMAKE_DETERMINE_COMPILER_ABI)"
      - "CMakeLists.txt:11 (project)"
    checks:
      - "Detecting C compiler ABI info"
    directories:
      source: "C:/Users/bahar/Programming/.cpp/Projects/Ping Pong/vcpkg_installed/vcpkg/blds/libflac/x64-windows-dbg/CMakeFiles/CMakeScratch/TryCompile-g66n8v"
      binary: "C:/Users/bahar/Programming/.cpp/Projects/Ping Pong/vcpkg_installed/vcpkg/blds/libflac/x64-windows-dbg/CMakeFiles/CMakeScratch/TryCompile-g66n8v"
    cmakeVariables:
      CMAKE_C_FLAGS: " /nologo /DWIN32 /D_WINDOWS /utf-8 /MP "
      CMAKE_EXE_LINKER_FLAGS: "/machine:x64"
      CMAKE_MSVC_DEBUG_INFORMATION_FORMAT: ""
      CMAKE_MSVC_RUNTIME_LIBRARY: "MultiThreaded$<$<CONFIG:Debug>:Debug>$<$<STREQUAL:dynamic,dynamic>:DLL>"
      VCPKG_CHAINLOAD_TOOLCHAIN_FILE: "C:/Program Files/Microsoft Visual Studio/2022/Community/VC/vcpkg/scripts/toolchains/windows.cmake"
      VCPKG_CRT_LINKAGE: "dynamic"
      VCPKG_CXX_FLAGS: ""
      VCPKG_CXX_FLAGS_DEBUG: ""
      VCPKG_CXX_FLAGS_RELEASE: ""
      VCPKG_C_FLAGS: ""
      VCPKG_C_FLAGS_DEBUG: ""
      VCPKG_C_FLAGS_RELEASE: ""
      VCPKG_INSTALLED_DIR: "C:/Users/bahar/Programming/.cpp/Projects/Ping Pong/vcpkg_installed"
      VCPKG_LINKER_FLAGS: ""
      VCPKG_LINKER_FLAGS_DEBUG: ""
      VCPKG_LINKER_FLAGS_RELEASE: ""
      VCPKG_PLATFORM_TOOLSET: "v143"
      VCPKG_PREFER_SYSTEM_LIBS: "OFF"
      VCPKG_SET_CHARSET_FLAG: "ON"
      VCPKG_TARGET_ARCHITECTURE: "x64"
      VCPKG_TARGET_TRIPLET: "x64-windows"
      Z_VCPKG_ROOT_DIR: "C:/Program Files/Microsoft Visual Studio/2022/Community/VC/vcpkg"
    buildResult:
      variable: "CMAKE_C_ABI_COMPILED"
      cached: true
      stdout: |
        Change Dir: 'C:/Users/bahar/Programming/.cpp/Projects/Ping Pong/vcpkg_installed/vcpkg/blds/libflac/x64-windows-dbg/CMakeFiles/CMakeScratch/TryCompile-g66n8v'
        
        Run Build Command(s): "C:/Program Files/Microsoft Visual Studio/2022/Community/Common7/IDE/CommonExtensions/Microsoft/CMake/Ninja/ninja.exe" -v cmTC_2f869
        [1/2] C:\\PROGRA~1\\MICROS~1\\2022\\COMMUN~1\\VC\\Tools\\MSVC\\1444~1.352\\bin\\Hostx64\\x64\\cl.exe  /nologo   /nologo /DWIN32 /D_WINDOWS /utf-8 /MP   /MDd /Z7 /Ob0 /Od /RTC1 /showIncludes /FoCMakeFiles\\cmTC_2f869.dir\\CMakeCCompilerABI.c.obj /FdCMakeFiles\\cmTC_2f869.dir\\ /FS -c "C:\\Program Files\\Microsoft Visual Studio\\2022\\Community\\Common7\\IDE\\CommonExtensions\\Microsoft\\CMake\\CMake\\share\\cmake-3.31\\Modules\\CMakeCCompilerABI.c"
        [2/2] C:\\WINDOWS\\system32\\cmd.exe /C "cd . && "C:\\Program Files\\Microsoft Visual Studio\\2022\\Community\\Common7\\IDE\\CommonExtensions\\Microsoft\\CMake\\CMake\\bin\\cmake.exe" -E vs_link_exe --msvc-ver=1944 --intdir=CMakeFiles\\cmTC_2f869.dir --rc=C:\\PROGRA~2\\WI3CF2~1\\10\\bin\\100261~1.0\\x64\\rc.exe --mt=C:\\PROGRA~2\\WI3CF2~1\\10\\bin\\100261~1.0\\x64\\mt.exe --manifests  -- C:\\PROGRA~1\\MICROS~1\\2022\\COMMUN~1\\VC\\Tools\\MSVC\\1444~1.352\\bin\\Hostx64\\x64\\link.exe /nologo CMakeFiles\\cmTC_2f869.dir\\CMakeCCompilerABI.c.obj  /out:cmTC_2f869.exe /implib:cmTC_2f869.lib /pdb:cmTC_2f869.pdb /version:0.0 /machine:x64  /nologo    /debug /INCREMENTAL /subsystem:console  kernel32.lib user32.lib gdi32.lib winspool.lib shell32.lib ole32.lib oleaut32.lib uuid.lib comdlg32.lib advapi32.lib && cd ."
        
      exitCode: 0
  -
    kind: "message-v1"
    backtrace:
      - "C:/Program Files/Microsoft Visual Studio/2022/Community/Common7/IDE/CommonExtensions/Microsoft/CMake/CMake/share/cmake-3.31/Modules/CMakeDetermineCompilerABI.cmake:218 (message)"
      - "C:/Program Files/Microsoft Visual Studio/2022/Community/Common7/IDE/CommonExtensions/Microsoft/CMake/CMake/share/cmake-3.31/Modules/CMakeTestCCompiler.cmake:26 (CMAKE_DETERMINE_COMPILER_ABI)"
      - "CMakeLists.txt:11 (project)"
    message: |
      Parsed C implicit link information:
        link line regex: [^( *|.*[/\\])(ld[0-9]*(\\.[a-z]+)?|link\\.exe|lld-link(\\.exe)?|CMAKE_LINK_STARTFILE-NOTFOUND|([^/\\]+-)?ld|collect2)[^/\\]*( |$)]
        linker tool regex: [^[ 	]*(->|")?[ 	]*(([^"]*[/\\])?(ld[0-9]*(\\.[a-z]+)?|link\\.exe|lld-link(\\.exe)?))("|,| |$)]
        linker tool for 'C': C:/PROGRA~1/MICROS~1/2022/COMMUN~1/VC/Tools/MSVC/1444~1.352/bin/Hostx64/x64/link.exe
        implicit libs: []
        implicit objs: []
        implicit dirs: []
        implicit fwks: []
      
      
  -
    kind: "message-v1"
    backtrace:
      - "C:/Program Files/Microsoft Visual Studio/2022/Community/Common7/IDE/CommonExtensions/Microsoft/CMake/CMake/share/cmake-3.31/Modules/Internal/CMakeDetermineLinkerId.cmake:40 (message)"
      - "C:/Program Files/Microsoft Visual Studio/2022/Community/Common7/IDE/CommonExtensions/Microsoft/CMake/CMake/share/cmake-3.31/Modules/CMakeDetermineCompilerABI.cmake:255 (cmake_determine_linker_id)"
      - "C:/Program Files/Microsoft Visual Studio/2022/Community/Common7/IDE/CommonExtensions/Microsoft/CMake/CMake/share/cmake-3.31/Modules/CMakeTestCCompiler.cmake:26 (CMAKE_DETERMINE_COMPILER_ABI)"
      - "CMakeLists.txt:11 (project)"
    message: |
      Running the C compiler's linker: "C:/PROGRA~1/MICROS~1/2022/COMMUN~1/VC/Tools/MSVC/1444~1.352/bin/Hostx64/x64/link.exe" "-v"
      Microsoft (R) Incremental Linker Version 14.44.35213.0
      Copyright (C) Microsoft Corporation.  All rights reserved.
  -
    kind: "try_compile-v1"
    backtrace:
      - "C:/Program Files/Microsoft Visual Studio/2022/Community/Common7/IDE/CommonExtensions/Microsoft/CMake/CMake/share/cmake-3.31/Modules/CMakeDetermineCompilerABI.cmake:74 (try_compile)"
      - "C:/Program Files/Microsoft Visual Studio/2022/Community/Common7/IDE/CommonExtensions/Microsoft/CMake/CMake/share/cmake-3.31/Modules/CMakeTestCXXCompiler.cmake:26 (CMAKE_DETERMINE_COMPILER_ABI)"
      - "CMakeLists.txt:11 (project)"
    checks:
      - "Detecting CXX compiler ABI info"
    directories:
      source: "C:/Users/bahar/Programming/.cpp/Projects/Ping Pong/vcpkg_installed/vcpkg/blds/libflac/x64-windows-dbg/CMakeFiles/CMakeScratch/TryCompile-oplbny"
      binary: "C:/Users/bahar/Programming/.cpp/Projects/Ping Pong/vcpkg_installed/vcpkg/blds/libflac/x64-windows-dbg/CMakeFiles/CMakeScratch/TryCompile-oplbny"
    cmakeVariables:
      CMAKE_CXX_FLAGS: " /nologo /DWIN32 /D_WINDOWS /utf-8 /GR /EHsc /MP "
      CMAKE_CXX_SCAN_FOR_MODULES: "OFF"
      CMAKE_EXE_LINKER_FLAGS: "/machine:x64"
      CMAKE_MSVC_DEBUG_INFORMATION_FORMAT: ""
      CMAKE_MSVC_RUNTIME_LIBRARY: "MultiThreaded$<$<CONFIG:Debug>:Debug>$<$<STREQUAL:dynamic,dynamic>:DLL>"
      VCPKG_CHAINLOAD_TOOLCHAIN_FILE: "C:/Program Files/Microsoft Visual Studio/2022/Community/VC/vcpkg/scripts/toolchains/windows.cmake"
      VCPKG_CRT_LINKAGE: "dynamic"
      VCPKG_CXX_FLAGS: ""
      VCPKG_CXX_FLAGS_DEBUG: ""
      VCPKG_CXX_FLAGS_RELEASE: ""
      VCPKG_C_FLAGS: ""
      VCPKG_C_FLAGS_DEBUG: ""
      VCPKG_C_FLAGS_RELEASE: ""
      VCPKG_INSTALLED_DIR: "C:/Users/bahar/Programming/.cpp/Projects/Ping Pong/vcpkg_installed"
      VCPKG_LINKER_FLAGS: ""
      VCPKG_LINKER_FLAGS_DEBUG: ""
      VCPKG_LINKER_FLAGS_RELEASE: ""
      VCPKG_PLATFORM_TOOLSET: "v143"
      VCPKG_PREFER_SYSTEM_LIBS: "OFF"
      VCPKG_SET_CHARSET_FLAG: "ON"
      VCPKG_TARGET_ARCHITECTURE: "x64"
      VCPKG_TARGET_TRIPLET: "x64-windows"
      Z_VCPKG_ROOT_DIR: "C:/Program Files/Microsoft Visual Studio/2022/Community/VC/vcpkg"
    buildResult:
      variable: "CMAKE_CXX_ABI_COMPILED"
      cached: true
      stdout: |
        Change Dir: 'C:/Users/bahar/Programming/.cpp/Projects/Ping Pong/vcpkg_installed/vcpkg/blds/libflac/x64-windows-dbg/CMakeFiles/CMakeScratch/TryCompile-oplbny'
        
        Run Build Command(s): "C:/Program Files/Microsoft Visual Studio/2022/Community/Common7/IDE/CommonExtensions/Microsoft/CMake/Ninja/ninja.exe" -v cmTC_1118f
        [1/2] C:\\PROGRA~1\\MICROS~1\\2022\\COMMUN~1\\VC\\Tools\\MSVC\\1444~1.352\\bin\\Hostx64\\x64\\cl.exe  /nologo /TP   /nologo /DWIN32 /D_WINDOWS /utf-8 /GR /EHsc /MP   /MDd /Z7 /Ob0 /Od /RTC1 /showIncludes /FoCMakeFiles\\cmTC_1118f.dir\\CMakeCXXCompilerABI.cpp.obj /FdCMakeFiles\\cmTC_1118f.dir\\ /FS -c "C:\\Program Files\\Microsoft Visual Studio\\2022\\Community\\Common7\\IDE\\CommonExtensions\\Microsoft\\CMake\\CMake\\share\\cmake-3.31\\Modules\\CMakeCXXCompilerABI.cpp"
        [2/2] C:\\WINDOWS\\system32\\cmd.exe /C "cd . && "C:\\Program Files\\Microsoft Visual Studio\\2022\\Community\\Common7\\IDE\\CommonExtensions\\Microsoft\\CMake\\CMake\\bin\\cmake.exe" -E vs_link_exe --msvc-ver=1944 --intdir=CMakeFiles\\cmTC_1118f.dir --rc=C:\\PROGRA~2\\WI3CF2~1\\10\\bin\\100261~1.0\\x64\\rc.exe --mt=C:\\PROGRA~2\\WI3CF2~1\\10\\bin\\100261~1.0\\x64\\mt.exe --manifests  -- C:\\PROGRA~1\\MICROS~1\\2022\\COMMUN~1\\VC\\Tools\\MSVC\\1444~1.352\\bin\\Hostx64\\x64\\link.exe /nologo CMakeFiles\\cmTC_1118f.dir\\CMakeCXXCompilerABI.cpp.obj  /out:cmTC_1118f.exe /implib:cmTC_1118f.lib /pdb:cmTC_1118f.pdb /version:0.0 /machine:x64  /nologo    /debug /INCREMENTAL /subsystem:console  kernel32.lib user32.lib gdi32.lib winspool.lib shell32.lib ole32.lib oleaut32.lib uuid.lib comdlg32.lib advapi32.lib && cd ."
        
      exitCode: 0
  -
    kind: "message-v1"
    backtrace:
      - "C:/Program Files/Microsoft Visual Studio/2022/Community/Common7/IDE/CommonExtensions/Microsoft/CMake/CMake/share/cmake-3.31/Modules/CMakeDetermineCompilerABI.cmake:218 (message)"
      - "C:/Program Files/Microsoft Visual Studio/2022/Community/Common7/IDE/CommonExtensions/Microsoft/CMake/CMake/share/cmake-3.31/Modules/CMakeTestCXXCompiler.cmake:26 (CMAKE_DETERMINE_COMPILER_ABI)"
      - "CMakeLists.txt:11 (project)"
    message: |
      Parsed CXX implicit link information:
        link line regex: [^( *|.*[/\\])(ld[0-9]*(\\.[a-z]+)?|link\\.exe|lld-link(\\.exe)?|CMAKE_LINK_STARTFILE-NOTFOUND|([^/\\]+-)?ld|collect2)[^/\\]*( |$)]
        linker tool regex: [^[ 	]*(->|")?[ 	]*(([^"]*[/\\])?(ld[0-9]*(\\.[a-z]+)?|link\\.exe|lld-link(\\.exe)?))("|,| |$)]
        linker tool for 'CXX': C:/PROGRA~1/MICROS~1/2022/COMMUN~1/VC/Tools/MSVC/1444~1.352/bin/Hostx64/x64/link.exe
        implicit libs: []
        implicit objs: []
        implicit dirs: []
        implicit fwks: []
      
      
  -
    kind: "message-v1"
    backtrace:
      - "C:/Program Files/Microsoft Visual Studio/2022/Community/Common7/IDE/CommonExtensions/Microsoft/CMake/CMake/share/cmake-3.31/Modules/Internal/CMakeDetermineLinkerId.cmake:40 (message)"
      - "C:/Program Files/Microsoft Visual Studio/2022/Community/Common7/IDE/CommonExtensions/Microsoft/CMake/CMake/share/cmake-3.31/Modules/CMakeDetermineCompilerABI.cmake:255 (cmake_determine_linker_id)"
      - "C:/Program Files/Microsoft Visual Studio/2022/Community/Common7/IDE/CommonExtensions/Microsoft/CMake/CMake/share/cmake-3.31/Modules/CMakeTestCXXCompiler.cmake:26 (CMAKE_DETERMINE_COMPILER_ABI)"
      - "CMakeLists.txt:11 (project)"
    message: |
      Running the CXX compiler's linker: "C:/PROGRA~1/MICROS~1/2022/COMMUN~1/VC/Tools/MSVC/1444~1.352/bin/Hostx64/x64/link.exe" "-v"
      Microsoft (R) Incremental Linker Version 14.44.35213.0
      Copyright (C) Microsoft Corporation.  All rights reserved.
  -
    kind: "try_compile-v1"
    backtrace:
      - "C:/Program Files/Microsoft Visual Studio/2022/Community/Common7/IDE/CommonExtensions/Microsoft/CMake/CMake/share/cmake-3.31/Modules/Internal/CheckSourceCompiles.cmake:108 (try_compile)"
      - "C:/Program Files/Microsoft Visual Studio/2022/Community/Common7/IDE/CommonExtensions/Microsoft/CMake/CMake/share/cmake-3.31/Modules/CheckCSourceCompiles.cmake:58 (cmake_check_source_compiles)"
      - "cmake/UseSystemExtensions.cmake:3 (check_c_source_compiles)"
      - "CMakeLists.txt:107 (include)"
    checks:
      - "Performing Test HAVE_MBSTATE"
    directories:
      source: "C:/Users/bahar/Programming/.cpp/Projects/Ping Pong/vcpkg_installed/vcpkg/blds/libflac/x64-windows-dbg/CMakeFiles/CMakeScratch/TryCompile-q5qziz"
      binary: "C:/Users/bahar/Programming/.cpp/Projects/Ping Pong/vcpkg_installed/vcpkg/blds/libflac/x64-windows-dbg/CMakeFiles/CMakeScratch/TryCompile-q5qziz"
    cmakeVariables:
      CMAKE_C_FLAGS: " /nologo /DWIN32 /D_WINDOWS /utf-8 /MP "
      CMAKE_EXE_LINKER_FLAGS: "/machine:x64"
      CMAKE_MODULE_PATH: "C:/Users/bahar/Programming/.cpp/Projects/Ping Pong/vcpkg_installed/vcpkg/blds/libflac/src/1.4.3-00043104ae.clean/cmake"
      CMAKE_MSVC_DEBUG_INFORMATION_FORMAT: ""
      CMAKE_MSVC_RUNTIME_LIBRARY: "MultiThreaded$<$<CONFIG:Debug>:Debug>$<$<STREQUAL:dynamic,dynamic>:DLL>"
      VCPKG_CHAINLOAD_TOOLCHAIN_FILE: "C:/Program Files/Microsoft Visual Studio/2022/Community/VC/vcpkg/scripts/toolchains/windows.cmake"
      VCPKG_CRT_LINKAGE: "dynamic"
      VCPKG_CXX_FLAGS: ""
      VCPKG_CXX_FLAGS_DEBUG: ""
      VCPKG_CXX_FLAGS_RELEASE: ""
      VCPKG_C_FLAGS: ""
      VCPKG_C_FLAGS_DEBUG: ""
      VCPKG_C_FLAGS_RELEASE: ""
      VCPKG_INSTALLED_DIR: "C:/Users/bahar/Programming/.cpp/Projects/Ping Pong/vcpkg_installed"
      VCPKG_LINKER_FLAGS: ""
      VCPKG_LINKER_FLAGS_DEBUG: ""
      VCPKG_LINKER_FLAGS_RELEASE: ""
      VCPKG_PLATFORM_TOOLSET: "v143"
      VCPKG_PREFER_SYSTEM_LIBS: "OFF"
      VCPKG_SET_CHARSET_FLAG: "ON"
      VCPKG_TARGET_ARCHITECTURE: "x64"
      VCPKG_TARGET_TRIPLET: "x64-windows"
      Z_VCPKG_ROOT_DIR: "C:/Program Files/Microsoft Visual Studio/2022/Community/VC/vcpkg"
    buildResult:
      variable: "HAVE_MBSTATE"
      cached: true
      stdout: |
        Change Dir: 'C:/Users/bahar/Programming/.cpp/Projects/Ping Pong/vcpkg_installed/vcpkg/blds/libflac/x64-windows-dbg/CMakeFiles/CMakeScratch/TryCompile-q5qziz'
        
        Run Build Command(s): "C:/Program Files/Microsoft Visual Studio/2022/Community/Common7/IDE/CommonExtensions/Microsoft/CMake/Ninja/ninja.exe" -v cmTC_0b372
        [1/2] C:\\PROGRA~1\\MICROS~1\\2022\\COMMUN~1\\VC\\Tools\\MSVC\\1444~1.352\\bin\\Hostx64\\x64\\cl.exe  /nologo -DHAVE_MBSTATE  /nologo /DWIN32 /D_WINDOWS /utf-8 /MP   /MDd /Z7 /Ob0 /Od /RTC1 /showIncludes /FoCMakeFiles\\cmTC_0b372.dir\\src.c.obj /FdCMakeFiles\\cmTC_0b372.dir\\ /FS -c "C:\\Users\\bahar\\Programming\\.cpp\\Projects\\Ping Pong\\vcpkg_installed\\vcpkg\\blds\\libflac\\x64-windows-dbg\\CMakeFiles\\CMakeScratch\\TryCompile-q5qziz\\src.c"
        [2/2] C:\\WINDOWS\\system32\\cmd.exe /C "cd . && "C:\\Program Files\\Microsoft Visual Studio\\2022\\Community\\Common7\\IDE\\CommonExtensions\\Microsoft\\CMake\\CMake\\bin\\cmake.exe" -E vs_link_exe --msvc-ver=1944 --intdir=CMakeFiles\\cmTC_0b372.dir --rc=C:\\PROGRA~2\\WI3CF2~1\\10\\bin\\100261~1.0\\x64\\rc.exe --mt=C:\\PROGRA~2\\WI3CF2~1\\10\\bin\\100261~1.0\\x64\\mt.exe --manifests  -- C:\\PROGRA~1\\MICROS~1\\2022\\COMMUN~1\\VC\\Tools\\MSVC\\1444~1.352\\bin\\Hostx64\\x64\\link.exe /nologo CMakeFiles\\cmTC_0b372.dir\\src.c.obj  /out:cmTC_0b372.exe /implib:cmTC_0b372.lib /pdb:cmTC_0b372.pdb /version:0.0 /machine:x64  /nologo    /debug /INCREMENTAL /subsystem:console  kernel32.lib user32.lib gdi32.lib winspool.lib shell32.lib ole32.lib oleaut32.lib uuid.lib comdlg32.lib advapi32.lib && cd ."
        
      exitCode: 0
  -
    kind: "try_compile-v1"
    backtrace:
      - "C:/Program Files/Microsoft Visual Studio/2022/Community/Common7/IDE/CommonExtensions/Microsoft/CMake/CMake/share/cmake-3.31/Modules/Internal/CheckSourceCompiles.cmake:108 (try_compile)"
      - "C:/Program Files/Microsoft Visual Studio/2022/Community/Common7/IDE/CommonExtensions/Microsoft/CMake/CMake/share/cmake-3.31/Modules/CheckCSourceCompiles.cmake:58 (cmake_check_source_compiles)"
      - "cmake/UseSystemExtensions.cmake:16 (check_c_source_compiles)"
      - "CMakeLists.txt:107 (include)"
    checks:
      - "Performing Test DODEFINE_EXTENSIONS"
    directories:
      source: "C:/Users/bahar/Programming/.cpp/Projects/Ping Pong/vcpkg_installed/vcpkg/blds/libflac/x64-windows-dbg/CMakeFiles/CMakeScratch/TryCompile-qb3aya"
      binary: "C:/Users/bahar/Programming/.cpp/Projects/Ping Pong/vcpkg_installed/vcpkg/blds/libflac/x64-windows-dbg/CMakeFiles/CMakeScratch/TryCompile-qb3aya"
    cmakeVariables:
      CMAKE_C_FLAGS: " /nologo /DWIN32 /D_WINDOWS /utf-8 /MP "
      CMAKE_EXE_LINKER_FLAGS: "/machine:x64"
      CMAKE_MODULE_PATH: "C:/Users/bahar/Programming/.cpp/Projects/Ping Pong/vcpkg_installed/vcpkg/blds/libflac/src/1.4.3-00043104ae.clean/cmake"
      CMAKE_MSVC_DEBUG_INFORMATION_FORMAT: ""
      CMAKE_MSVC_RUNTIME_LIBRARY: "MultiThreaded$<$<CONFIG:Debug>:Debug>$<$<STREQUAL:dynamic,dynamic>:DLL>"
      VCPKG_CHAINLOAD_TOOLCHAIN_FILE: "C:/Program Files/Microsoft Visual Studio/2022/Community/VC/vcpkg/scripts/toolchains/windows.cmake"
      VCPKG_CRT_LINKAGE: "dynamic"
      VCPKG_CXX_FLAGS: ""
      VCPKG_CXX_FLAGS_DEBUG: ""
      VCPKG_CXX_FLAGS_RELEASE: ""
      VCPKG_C_FLAGS: ""
      VCPKG_C_FLAGS_DEBUG: ""
      VCPKG_C_FLAGS_RELEASE: ""
      VCPKG_INSTALLED_DIR: "C:/Users/bahar/Programming/.cpp/Projects/Ping Pong/vcpkg_installed"
      VCPKG_LINKER_FLAGS: ""
      VCPKG_LINKER_FLAGS_DEBUG: ""
      VCPKG_LINKER_FLAGS_RELEASE: ""
      VCPKG_PLATFORM_TOOLSET: "v143"
      VCPKG_PREFER_SYSTEM_LIBS: "OFF"
      VCPKG_SET_CHARSET_FLAG: "ON"
      VCPKG_TARGET_ARCHITECTURE: "x64"
      VCPKG_TARGET_TRIPLET: "x64-windows"
      Z_VCPKG_ROOT_DIR: "C:/Program Files/Microsoft Visual Studio/2022/Community/VC/vcpkg"
    buildResult:
      variable: "DODEFINE_EXTENSIONS"
      cached: true
      stdout: |
        Change Dir: 'C:/Users/bahar/Programming/.cpp/Projects/Ping Pong/vcpkg_installed/vcpkg/blds/libflac/x64-windows-dbg/CMakeFiles/CMakeScratch/TryCompile-qb3aya'
        
        Run Build Command(s): "C:/Program Files/Microsoft Visual Studio/2022/Community/Common7/IDE/CommonExtensions/Microsoft/CMake/Ninja/ninja.exe" -v cmTC_ca63d
        [1/2] C:\\PROGRA~1\\MICROS~1\\2022\\COMMUN~1\\VC\\Tools\\MSVC\\1444~1.352\\bin\\Hostx64\\x64\\cl.exe  /nologo -DDODEFINE_EXTENSIONS  /nologo /DWIN32 /D_WINDOWS /utf-8 /MP   /MDd /Z7 /Ob0 /Od /RTC1 /showIncludes /FoCMakeFiles\\cmTC_ca63d.dir\\src.c.obj /FdCMakeFiles\\cmTC_ca63d.dir\\ /FS -c "C:\\Users\\bahar\\Programming\\.cpp\\Projects\\Ping Pong\\vcpkg_installed\\vcpkg\\blds\\libflac\\x64-windows-dbg\\CMakeFiles\\CMakeScratch\\TryCompile-qb3aya\\src.c"
        [2/2] C:\\WINDOWS\\system32\\cmd.exe /C "cd . && "C:\\Program Files\\Microsoft Visual Studio\\2022\\Community\\Common7\\IDE\\CommonExtensions\\Microsoft\\CMake\\CMake\\bin\\cmake.exe" -E vs_link_exe --msvc-ver=1944 --intdir=CMakeFiles\\cmTC_ca63d.dir --rc=C:\\PROGRA~2\\WI3CF2~1\\10\\bin\\100261~1.0\\x64\\rc.exe --mt=C:\\PROGRA~2\\WI3CF2~1\\10\\bin\\100261~1.0\\x64\\mt.exe --manifests  -- C:\\PROGRA~1\\MICROS~1\\2022\\COMMUN~1\\VC\\Tools\\MSVC\\1444~1.352\\bin\\Hostx64\\x64\\link.exe /nologo CMakeFiles\\cmTC_ca63d.dir\\src.c.obj  /out:cmTC_ca63d.exe /implib:cmTC_ca63d.lib /pdb:cmTC_ca63d.pdb /version:0.0 /machine:x64  /nologo    /debug /INCREMENTAL /subsystem:console  kernel32.lib user32.lib gdi32.lib winspool.lib shell32.lib ole32.lib oleaut32.lib uuid.lib comdlg32.lib advapi32.lib && cd ."
        
      exitCode: 0
  -
    kind: "try_compile-v1"
    backtrace:
      - "C:/Program Files/Microsoft Visual Studio/2022/Community/Common7/IDE/CommonExtensions/Microsoft/CMake/CMake/share/cmake-3.31/Modules/CheckIncludeFile.cmake:99 (try_compile)"
      - "CMakeLists.txt:111 (check_include_file)"
    checks:
      - "Looking for byteswap.h"
    directories:
      source: "C:/Users/bahar/Programming/.cpp/Projects/Ping Pong/vcpkg_installed/vcpkg/blds/libflac/x64-windows-dbg/CMakeFiles/CMakeScratch/TryCompile-9jejub"
      binary: "C:/Users/bahar/Programming/.cpp/Projects/Ping Pong/vcpkg_installed/vcpkg/blds/libflac/x64-windows-dbg/CMakeFiles/CMakeScratch/TryCompile-9jejub"
    cmakeVariables:
      CMAKE_C_FLAGS: " /nologo /DWIN32 /D_WINDOWS /utf-8 /MP "
      CMAKE_EXE_LINKER_FLAGS: "/machine:x64"
      CMAKE_MODULE_PATH: "C:/Users/bahar/Programming/.cpp/Projects/Ping Pong/vcpkg_installed/vcpkg/blds/libflac/src/1.4.3-00043104ae.clean/cmake"
      CMAKE_MSVC_DEBUG_INFORMATION_FORMAT: ""
      CMAKE_MSVC_RUNTIME_LIBRARY: "MultiThreaded$<$<CONFIG:Debug>:Debug>$<$<STREQUAL:dynamic,dynamic>:DLL>"
      VCPKG_CHAINLOAD_TOOLCHAIN_FILE: "C:/Program Files/Microsoft Visual Studio/2022/Community/VC/vcpkg/scripts/toolchains/windows.cmake"
      VCPKG_CRT_LINKAGE: "dynamic"
      VCPKG_CXX_FLAGS: ""
      VCPKG_CXX_FLAGS_DEBUG: ""
      VCPKG_CXX_FLAGS_RELEASE: ""
      VCPKG_C_FLAGS: ""
      VCPKG_C_FLAGS_DEBUG: ""
      VCPKG_C_FLAGS_RELEASE: ""
      VCPKG_INSTALLED_DIR: "C:/Users/bahar/Programming/.cpp/Projects/Ping Pong/vcpkg_installed"
      VCPKG_LINKER_FLAGS: ""
      VCPKG_LINKER_FLAGS_DEBUG: ""
      VCPKG_LINKER_FLAGS_RELEASE: ""
      VCPKG_PLATFORM_TOOLSET: "v143"
      VCPKG_PREFER_SYSTEM_LIBS: "OFF"
      VCPKG_SET_CHARSET_FLAG: "ON"
      VCPKG_TARGET_ARCHITECTURE: "x64"
      VCPKG_TARGET_TRIPLET: "x64-windows"
      Z_VCPKG_ROOT_DIR: "C:/Program Files/Microsoft Visual Studio/2022/Community/VC/vcpkg"
    buildResult:
      variable: "HAVE_BYTESWAP_H"
      cached: true
      stdout: |
        Change Dir: 'C:/Users/bahar/Programming/.cpp/Projects/Ping Pong/vcpkg_installed/vcpkg/blds/libflac/x64-windows-dbg/CMakeFiles/CMakeScratch/TryCompile-9jejub'
        
        Run Build Command(s): "C:/Program Files/Microsoft Visual Studio/2022/Community/Common7/IDE/CommonExtensions/Microsoft/CMake/Ninja/ninja.exe" -v cmTC_d4fbc
        [1/2] C:\\PROGRA~1\\MICROS~1\\2022\\COMMUN~1\\VC\\Tools\\MSVC\\1444~1.352\\bin\\Hostx64\\x64\\cl.exe  /nologo   /nologo /DWIN32 /D_WINDOWS /utf-8 /MP   /MDd /Z7 /Ob0 /Od /RTC1 /showIncludes /FoCMakeFiles\\cmTC_d4fbc.dir\\CheckIncludeFile.c.obj /FdCMakeFiles\\cmTC_d4fbc.dir\\ /FS -c "C:\\Users\\bahar\\Programming\\.cpp\\Projects\\Ping Pong\\vcpkg_installed\\vcpkg\\blds\\libflac\\x64-windows-dbg\\CMakeFiles\\CMakeScratch\\TryCompile-9jejub\\CheckIncludeFile.c"
        FAILED: CMakeFiles/cmTC_d4fbc.dir/CheckIncludeFile.c.obj 
        C:\\PROGRA~1\\MICROS~1\\2022\\COMMUN~1\\VC\\Tools\\MSVC\\1444~1.352\\bin\\Hostx64\\x64\\cl.exe  /nologo   /nologo /DWIN32 /D_WINDOWS /utf-8 /MP   /MDd /Z7 /Ob0 /Od /RTC1 /showIncludes /FoCMakeFiles\\cmTC_d4fbc.dir\\CheckIncludeFile.c.obj /FdCMakeFiles\\cmTC_d4fbc.dir\\ /FS -c "C:\\Users\\bahar\\Programming\\.cpp\\Projects\\Ping Pong\\vcpkg_installed\\vcpkg\\blds\\libflac\\x64-windows-dbg\\CMakeFiles\\CMakeScratch\\TryCompile-9jejub\\CheckIncludeFile.c"
        C:\\Users\\bahar\\Programming\\.cpp\\Projects\\Ping Pong\\vcpkg_installed\\vcpkg\\blds\\libflac\\x64-windows-dbg\\CMakeFiles\\CMakeScratch\\TryCompile-9jejub\\CheckIncludeFile.c(1): fatal error C1083: Не удается открыть файл включение: byteswap.h: No such file or directory,
        ninja: build stopped: subcommand failed.
        
      exitCode: 1
  -
    kind: "try_compile-v1"
    backtrace:
      - "C:/Program Files/Microsoft Visual Studio/2022/Community/Common7/IDE/CommonExtensions/Microsoft/CMake/CMake/share/cmake-3.31/Modules/CheckIncludeFile.cmake:99 (try_compile)"
      - "CMakeLists.txt:112 (check_include_file)"
    checks:
      - "Looking for inttypes.h"
    directories:
      source: "C:/Users/bahar/Programming/.cpp/Projects/Ping Pong/vcpkg_installed/vcpkg/blds/libflac/x64-windows-dbg/CMakeFiles/CMakeScratch/TryCompile-idh227"
      binary: "C:/Users/bahar/Programming/.cpp/Projects/Ping Pong/vcpkg_installed/vcpkg/blds/libflac/x64-windows-dbg/CMakeFiles/CMakeScratch/TryCompile-idh227"
    cmakeVariables:
      CMAKE_C_FLAGS: " /nologo /DWIN32 /D_WINDOWS /utf-8 /MP "
      CMAKE_EXE_LINKER_FLAGS: "/machine:x64"
      CMAKE_MODULE_PATH: "C:/Users/bahar/Programming/.cpp/Projects/Ping Pong/vcpkg_installed/vcpkg/blds/libflac/src/1.4.3-00043104ae.clean/cmake"
      CMAKE_MSVC_DEBUG_INFORMATION_FORMAT: ""
      CMAKE_MSVC_RUNTIME_LIBRARY: "MultiThreaded$<$<CONFIG:Debug>:Debug>$<$<STREQUAL:dynamic,dynamic>:DLL>"
      VCPKG_CHAINLOAD_TOOLCHAIN_FILE: "C:/Program Files/Microsoft Visual Studio/2022/Community/VC/vcpkg/scripts/toolchains/windows.cmake"
      VCPKG_CRT_LINKAGE: "dynamic"
      VCPKG_CXX_FLAGS: ""
      VCPKG_CXX_FLAGS_DEBUG: ""
      VCPKG_CXX_FLAGS_RELEASE: ""
      VCPKG_C_FLAGS: ""
      VCPKG_C_FLAGS_DEBUG: ""
      VCPKG_C_FLAGS_RELEASE: ""
      VCPKG_INSTALLED_DIR: "C:/Users/bahar/Programming/.cpp/Projects/Ping Pong/vcpkg_installed"
      VCPKG_LINKER_FLAGS: ""
      VCPKG_LINKER_FLAGS_DEBUG: ""
      VCPKG_LINKER_FLAGS_RELEASE: ""
      VCPKG_PLATFORM_TOOLSET: "v143"
      VCPKG_PREFER_SYSTEM_LIBS: "OFF"
      VCPKG_SET_CHARSET_FLAG: "ON"
      VCPKG_TARGET_ARCHITECTURE: "x64"
      VCPKG_TARGET_TRIPLET: "x64-windows"
      Z_VCPKG_ROOT_DIR: "C:/Program Files/Microsoft Visual Studio/2022/Community/VC/vcpkg"
    buildResult:
      variable: "HAVE_INTTYPES_H"
      cached: true
      stdout: |
        Change Dir: 'C:/Users/bahar/Programming/.cpp/Projects/Ping Pong/vcpkg_installed/vcpkg/blds/libflac/x64-windows-dbg/CMakeFiles/CMakeScratch/TryCompile-idh227'
        
        Run Build Command(s): "C:/Program Files/Microsoft Visual Studio/2022/Community/Common7/IDE/CommonExtensions/Microsoft/CMake/Ninja/ninja.exe" -v cmTC_91e9f
        [1/2] C:\\PROGRA~1\\MICROS~1\\2022\\COMMUN~1\\VC\\Tools\\MSVC\\1444~1.352\\bin\\Hostx64\\x64\\cl.exe  /nologo   /nologo /DWIN32 /D_WINDOWS /utf-8 /MP   /MDd /Z7 /Ob0 /Od /RTC1 /showIncludes /FoCMakeFiles\\cmTC_91e9f.dir\\CheckIncludeFile.c.obj /FdCMakeFiles\\cmTC_91e9f.dir\\ /FS -c "C:\\Users\\bahar\\Programming\\.cpp\\Projects\\Ping Pong\\vcpkg_installed\\vcpkg\\blds\\libflac\\x64-windows-dbg\\CMakeFiles\\CMakeScratch\\TryCompile-idh227\\CheckIncludeFile.c"
        [2/2] C:\\WINDOWS\\system32\\cmd.exe /C "cd . && "C:\\Program Files\\Microsoft Visual Studio\\2022\\Community\\Common7\\IDE\\CommonExtensions\\Microsoft\\CMake\\CMake\\bin\\cmake.exe" -E vs_link_exe --msvc-ver=1944 --intdir=CMakeFiles\\cmTC_91e9f.dir --rc=C:\\PROGRA~2\\WI3CF2~1\\10\\bin\\100261~1.0\\x64\\rc.exe --mt=C:\\PROGRA~2\\WI3CF2~1\\10\\bin\\100261~1.0\\x64\\mt.exe --manifests  -- C:\\PROGRA~1\\MICROS~1\\2022\\COMMUN~1\\VC\\Tools\\MSVC\\1444~1.352\\bin\\Hostx64\\x64\\link.exe /nologo CMakeFiles\\cmTC_91e9f.dir\\CheckIncludeFile.c.obj  /out:cmTC_91e9f.exe /implib:cmTC_91e9f.lib /pdb:cmTC_91e9f.pdb /version:0.0 /machine:x64  /nologo    /debug /INCREMENTAL /subsystem:console  kernel32.lib user32.lib gdi32.lib winspool.lib shell32.lib ole32.lib oleaut32.lib uuid.lib comdlg32.lib advapi32.lib && cd ."
        
      exitCode: 0
  -
    kind: "try_compile-v1"
    backtrace:
      - "C:/Program Files/Microsoft Visual Studio/2022/Community/Common7/IDE/CommonExtensions/Microsoft/CMake/CMake/share/cmake-3.31/Modules/CheckIncludeFile.cmake:99 (try_compile)"
      - "CMakeLists.txt:113 (check_include_file)"
    checks:
      - "Looking for stdint.h"
    directories:
      source: "C:/Users/bahar/Programming/.cpp/Projects/Ping Pong/vcpkg_installed/vcpkg/blds/libflac/x64-windows-dbg/CMakeFiles/CMakeScratch/TryCompile-hott13"
      binary: "C:/Users/bahar/Programming/.cpp/Projects/Ping Pong/vcpkg_installed/vcpkg/blds/libflac/x64-windows-dbg/CMakeFiles/CMakeScratch/TryCompile-hott13"
    cmakeVariables:
      CMAKE_C_FLAGS: " /nologo /DWIN32 /D_WINDOWS /utf-8 /MP "
      CMAKE_EXE_LINKER_FLAGS: "/machine:x64"
      CMAKE_MODULE_PATH: "C:/Users/bahar/Programming/.cpp/Projects/Ping Pong/vcpkg_installed/vcpkg/blds/libflac/src/1.4.3-00043104ae.clean/cmake"
      CMAKE_MSVC_DEBUG_INFORMATION_FORMAT: ""
      CMAKE_MSVC_RUNTIME_LIBRARY: "MultiThreaded$<$<CONFIG:Debug>:Debug>$<$<STREQUAL:dynamic,dynamic>:DLL>"
      VCPKG_CHAINLOAD_TOOLCHAIN_FILE: "C:/Program Files/Microsoft Visual Studio/2022/Community/VC/vcpkg/scripts/toolchains/windows.cmake"
      VCPKG_CRT_LINKAGE: "dynamic"
      VCPKG_CXX_FLAGS: ""
      VCPKG_CXX_FLAGS_DEBUG: ""
      VCPKG_CXX_FLAGS_RELEASE: ""
      VCPKG_C_FLAGS: ""
      VCPKG_C_FLAGS_DEBUG: ""
      VCPKG_C_FLAGS_RELEASE: ""
      VCPKG_INSTALLED_DIR: "C:/Users/bahar/Programming/.cpp/Projects/Ping Pong/vcpkg_installed"
      VCPKG_LINKER_FLAGS: ""
      VCPKG_LINKER_FLAGS_DEBUG: ""
      VCPKG_LINKER_FLAGS_RELEASE: ""
      VCPKG_PLATFORM_TOOLSET: "v143"
      VCPKG_PREFER_SYSTEM_LIBS: "OFF"
      VCPKG_SET_CHARSET_FLAG: "ON"
      VCPKG_TARGET_ARCHITECTURE: "x64"
      VCPKG_TARGET_TRIPLET: "x64-windows"
      Z_VCPKG_ROOT_DIR: "C:/Program Files/Microsoft Visual Studio/2022/Community/VC/vcpkg"
    buildResult:
      variable: "HAVE_STDINT_H"
      cached: true
      stdout: |
        Change Dir: 'C:/Users/bahar/Programming/.cpp/Projects/Ping Pong/vcpkg_installed/vcpkg/blds/libflac/x64-windows-dbg/CMakeFiles/CMakeScratch/TryCompile-hott13'
        
        Run Build Command(s): "C:/Program Files/Microsoft Visual Studio/2022/Community/Common7/IDE/CommonExtensions/Microsoft/CMake/Ninja/ninja.exe" -v cmTC_027b9
        [1/2] C:\\PROGRA~1\\MICROS~1\\2022\\COMMUN~1\\VC\\Tools\\MSVC\\1444~1.352\\bin\\Hostx64\\x64\\cl.exe  /nologo   /nologo /DWIN32 /D_WINDOWS /utf-8 /MP   /MDd /Z7 /Ob0 /Od /RTC1 /showIncludes /FoCMakeFiles\\cmTC_027b9.dir\\CheckIncludeFile.c.obj /FdCMakeFiles\\cmTC_027b9.dir\\ /FS -c "C:\\Users\\bahar\\Programming\\.cpp\\Projects\\Ping Pong\\vcpkg_installed\\vcpkg\\blds\\libflac\\x64-windows-dbg\\CMakeFiles\\CMakeScratch\\TryCompile-hott13\\CheckIncludeFile.c"
        [2/2] C:\\WINDOWS\\system32\\cmd.exe /C "cd . && "C:\\Program Files\\Microsoft Visual Studio\\2022\\Community\\Common7\\IDE\\CommonExtensions\\Microsoft\\CMake\\CMake\\bin\\cmake.exe" -E vs_link_exe --msvc-ver=1944 --intdir=CMakeFiles\\cmTC_027b9.dir --rc=C:\\PROGRA~2\\WI3CF2~1\\10\\bin\\100261~1.0\\x64\\rc.exe --mt=C:\\PROGRA~2\\WI3CF2~1\\10\\bin\\100261~1.0\\x64\\mt.exe --manifests  -- C:\\PROGRA~1\\MICROS~1\\2022\\COMMUN~1\\VC\\Tools\\MSVC\\1444~1.352\\bin\\Hostx64\\x64\\link.exe /nologo CMakeFiles\\cmTC_027b9.dir\\CheckIncludeFile.c.obj  /out:cmTC_027b9.exe /implib:cmTC_027b9.lib /pdb:cmTC_027b9.pdb /version:0.0 /machine:x64  /nologo    /debug /INCREMENTAL /subsystem:console  kernel32.lib user32.lib gdi32.lib winspool.lib shell32.lib ole32.lib oleaut32.lib uuid.lib comdlg32.lib advapi32.lib && cd ."
        
      exitCode: 0
  -
    kind: "try_compile-v1"
    backtrace:
      - "C:/Program Files/Microsoft Visual Studio/2022/Community/Common7/IDE/CommonExtensions/Microsoft/CMake/CMake/share/cmake-3.31/Modules/CheckIncludeFile.cmake:99 (try_compile)"
      - "CMakeLists.txt:114 (check_include_file)"
    checks:
      - "Looking for stdbool.h"
    directories:
      source: "C:/Users/bahar/Programming/.cpp/Projects/Ping Pong/vcpkg_installed/vcpkg/blds/libflac/x64-windows-dbg/CMakeFiles/CMakeScratch/TryCompile-5p7myi"
      binary: "C:/Users/bahar/Programming/.cpp/Projects/Ping Pong/vcpkg_installed/vcpkg/blds/libflac/x64-windows-dbg/CMakeFiles/CMakeScratch/TryCompile-5p7myi"
    cmakeVariables:
      CMAKE_C_FLAGS: " /nologo /DWIN32 /D_WINDOWS /utf-8 /MP "
      CMAKE_EXE_LINKER_FLAGS: "/machine:x64"
      CMAKE_MODULE_PATH: "C:/Users/bahar/Programming/.cpp/Projects/Ping Pong/vcpkg_installed/vcpkg/blds/libflac/src/1.4.3-00043104ae.clean/cmake"
      CMAKE_MSVC_DEBUG_INFORMATION_FORMAT: ""
      CMAKE_MSVC_RUNTIME_LIBRARY: "MultiThreaded$<$<CONFIG:Debug>:Debug>$<$<STREQUAL:dynamic,dynamic>:DLL>"
      VCPKG_CHAINLOAD_TOOLCHAIN_FILE: "C:/Program Files/Microsoft Visual Studio/2022/Community/VC/vcpkg/scripts/toolchains/windows.cmake"
      VCPKG_CRT_LINKAGE: "dynamic"
      VCPKG_CXX_FLAGS: ""
      VCPKG_CXX_FLAGS_DEBUG: ""
      VCPKG_CXX_FLAGS_RELEASE: ""
      VCPKG_C_FLAGS: ""
      VCPKG_C_FLAGS_DEBUG: ""
      VCPKG_C_FLAGS_RELEASE: ""
      VCPKG_INSTALLED_DIR: "C:/Users/bahar/Programming/.cpp/Projects/Ping Pong/vcpkg_installed"
      VCPKG_LINKER_FLAGS: ""
      VCPKG_LINKER_FLAGS_DEBUG: ""
      VCPKG_LINKER_FLAGS_RELEASE: ""
      VCPKG_PLATFORM_TOOLSET: "v143"
      VCPKG_PREFER_SYSTEM_LIBS: "OFF"
      VCPKG_SET_CHARSET_FLAG: "ON"
      VCPKG_TARGET_ARCHITECTURE: "x64"
      VCPKG_TARGET_TRIPLET: "x64-windows"
      Z_VCPKG_ROOT_DIR: "C:/Program Files/Microsoft Visual Studio/2022/Community/VC/vcpkg"
    buildResult:
      variable: "HAVE_STDBOOL_H"
      cached: true
      stdout: |
        Change Dir: 'C:/Users/bahar/Programming/.cpp/Projects/Ping Pong/vcpkg_installed/vcpkg/blds/libflac/x64-windows-dbg/CMakeFiles/CMakeScratch/TryCompile-5p7myi'
        
        Run Build Command(s): "C:/Program Files/Microsoft Visual Studio/2022/Community/Common7/IDE/CommonExtensions/Microsoft/CMake/Ninja/ninja.exe" -v cmTC_34e19
        [1/2] C:\\PROGRA~1\\MICROS~1\\2022\\COMMUN~1\\VC\\Tools\\MSVC\\1444~1.352\\bin\\Hostx64\\x64\\cl.exe  /nologo   /nologo /DWIN32 /D_WINDOWS /utf-8 /MP   /MDd /Z7 /Ob0 /Od /RTC1 /showIncludes /FoCMakeFiles\\cmTC_34e19.dir\\CheckIncludeFile.c.obj /FdCMakeFiles\\cmTC_34e19.dir\\ /FS -c "C:\\Users\\bahar\\Programming\\.cpp\\Projects\\Ping Pong\\vcpkg_installed\\vcpkg\\blds\\libflac\\x64-windows-dbg\\CMakeFiles\\CMakeScratch\\TryCompile-5p7myi\\CheckIncludeFile.c"
        [2/2] C:\\WINDOWS\\system32\\cmd.exe /C "cd . && "C:\\Program Files\\Microsoft Visual Studio\\2022\\Community\\Common7\\IDE\\CommonExtensions\\Microsoft\\CMake\\CMake\\bin\\cmake.exe" -E vs_link_exe --msvc-ver=1944 --intdir=CMakeFiles\\cmTC_34e19.dir --rc=C:\\PROGRA~2\\WI3CF2~1\\10\\bin\\100261~1.0\\x64\\rc.exe --mt=C:\\PROGRA~2\\WI3CF2~1\\10\\bin\\100261~1.0\\x64\\mt.exe --manifests  -- C:\\PROGRA~1\\MICROS~1\\2022\\COMMUN~1\\VC\\Tools\\MSVC\\1444~1.352\\bin\\Hostx64\\x64\\link.exe /nologo CMakeFiles\\cmTC_34e19.dir\\CheckIncludeFile.c.obj  /out:cmTC_34e19.exe /implib:cmTC_34e19.lib /pdb:cmTC_34e19.pdb /version:0.0 /machine:x64  /nologo    /debug /INCREMENTAL /subsystem:console  kernel32.lib user32.lib gdi32.lib winspool.lib shell32.lib ole32.lib oleaut32.lib uuid.lib comdlg32.lib advapi32.lib && cd ."
        
      exitCode: 0
  -
    kind: "try_compile-v1"
    backtrace:
      - "C:/Program Files/Microsoft Visual Studio/2022/Community/Common7/IDE/CommonExtensions/Microsoft/CMake/CMake/share/cmake-3.31/Modules/CheckIncludeFile.cmake:99 (try_compile)"
      - "CMakeLists.txt:115 (check_include_file)"
    checks:
      - "Looking for arm_neon.h"
    directories:
      source: "C:/Users/bahar/Programming/.cpp/Projects/Ping Pong/vcpkg_installed/vcpkg/blds/libflac/x64-windows-dbg/CMakeFiles/CMakeScratch/TryCompile-ygo877"
      binary: "C:/Users/bahar/Programming/.cpp/Projects/Ping Pong/vcpkg_installed/vcpkg/blds/libflac/x64-windows-dbg/CMakeFiles/CMakeScratch/TryCompile-ygo877"
    cmakeVariables:
      CMAKE_C_FLAGS: " /nologo /DWIN32 /D_WINDOWS /utf-8 /MP "
      CMAKE_EXE_LINKER_FLAGS: "/machine:x64"
      CMAKE_MODULE_PATH: "C:/Users/bahar/Programming/.cpp/Projects/Ping Pong/vcpkg_installed/vcpkg/blds/libflac/src/1.4.3-00043104ae.clean/cmake"
      CMAKE_MSVC_DEBUG_INFORMATION_FORMAT: ""
      CMAKE_MSVC_RUNTIME_LIBRARY: "MultiThreaded$<$<CONFIG:Debug>:Debug>$<$<STREQUAL:dynamic,dynamic>:DLL>"
      VCPKG_CHAINLOAD_TOOLCHAIN_FILE: "C:/Program Files/Microsoft Visual Studio/2022/Community/VC/vcpkg/scripts/toolchains/windows.cmake"
      VCPKG_CRT_LINKAGE: "dynamic"
      VCPKG_CXX_FLAGS: ""
      VCPKG_CXX_FLAGS_DEBUG: ""
      VCPKG_CXX_FLAGS_RELEASE: ""
      VCPKG_C_FLAGS: ""
      VCPKG_C_FLAGS_DEBUG: ""
      VCPKG_C_FLAGS_RELEASE: ""
      VCPKG_INSTALLED_DIR: "C:/Users/bahar/Programming/.cpp/Projects/Ping Pong/vcpkg_installed"
      VCPKG_LINKER_FLAGS: ""
      VCPKG_LINKER_FLAGS_DEBUG: ""
      VCPKG_LINKER_FLAGS_RELEASE: ""
      VCPKG_PLATFORM_TOOLSET: "v143"
      VCPKG_PREFER_SYSTEM_LIBS: "OFF"
      VCPKG_SET_CHARSET_FLAG: "ON"
      VCPKG_TARGET_ARCHITECTURE: "x64"
      VCPKG_TARGET_TRIPLET: "x64-windows"
      Z_VCPKG_ROOT_DIR: "C:/Program Files/Microsoft Visual Studio/2022/Community/VC/vcpkg"
    buildResult:
      variable: "FLAC__HAS_NEONINTRIN"
      cached: true
      stdout: |
        Change Dir: 'C:/Users/bahar/Programming/.cpp/Projects/Ping Pong/vcpkg_installed/vcpkg/blds/libflac/x64-windows-dbg/CMakeFiles/CMakeScratch/TryCompile-ygo877'
        
        Run Build Command(s): "C:/Program Files/Microsoft Visual Studio/2022/Community/Common7/IDE/CommonExtensions/Microsoft/CMake/Ninja/ninja.exe" -v cmTC_d52d4
        [1/2] C:\\PROGRA~1\\MICROS~1\\2022\\COMMUN~1\\VC\\Tools\\MSVC\\1444~1.352\\bin\\Hostx64\\x64\\cl.exe  /nologo   /nologo /DWIN32 /D_WINDOWS /utf-8 /MP   /MDd /Z7 /Ob0 /Od /RTC1 /showIncludes /FoCMakeFiles\\cmTC_d52d4.dir\\CheckIncludeFile.c.obj /FdCMakeFiles\\cmTC_d52d4.dir\\ /FS -c "C:\\Users\\bahar\\Programming\\.cpp\\Projects\\Ping Pong\\vcpkg_installed\\vcpkg\\blds\\libflac\\x64-windows-dbg\\CMakeFiles\\CMakeScratch\\TryCompile-ygo877\\CheckIncludeFile.c"
        FAILED: CMakeFiles/cmTC_d52d4.dir/CheckIncludeFile.c.obj 
        C:\\PROGRA~1\\MICROS~1\\2022\\COMMUN~1\\VC\\Tools\\MSVC\\1444~1.352\\bin\\Hostx64\\x64\\cl.exe  /nologo   /nologo /DWIN32 /D_WINDOWS /utf-8 /MP   /MDd /Z7 /Ob0 /Od /RTC1 /showIncludes /FoCMakeFiles\\cmTC_d52d4.dir\\CheckIncludeFile.c.obj /FdCMakeFiles\\cmTC_d52d4.dir\\ /FS -c "C:\\Users\\bahar\\Programming\\.cpp\\Projects\\Ping Pong\\vcpkg_installed\\vcpkg\\blds\\libflac\\x64-windows-dbg\\CMakeFiles\\CMakeScratch\\TryCompile-ygo877\\CheckIncludeFile.c"
        C:\\Program Files\\Microsoft Visual Studio\\2022\\Community\\VC\\Tools\\MSVC\\14.44.35207\\include\\arm_neon.h(21): fatal error C1189: #error:  This header is specific to ARM targets
        ninja: build stopped: subcommand failed.
        
      exitCode: 1
  -
    kind: "try_compile-v1"
    backtrace:
      - "C:/Program Files/Microsoft Visual Studio/2022/Community/Common7/IDE/CommonExtensions/Microsoft/CMake/CMake/share/cmake-3.31/Modules/CheckIncludeFile.cmake:99 (try_compile)"
      - "CMakeLists.txt:122 (check_include_file)"
    checks:
      - "Looking for intrin.h"
    directories:
      source: "C:/Users/bahar/Programming/.cpp/Projects/Ping Pong/vcpkg_installed/vcpkg/blds/libflac/x64-windows-dbg/CMakeFiles/CMakeScratch/TryCompile-nswgbd"
      binary: "C:/Users/bahar/Programming/.cpp/Projects/Ping Pong/vcpkg_installed/vcpkg/blds/libflac/x64-windows-dbg/CMakeFiles/CMakeScratch/TryCompile-nswgbd"
    cmakeVariables:
      CMAKE_C_FLAGS: " /nologo /DWIN32 /D_WINDOWS /utf-8 /MP "
      CMAKE_EXE_LINKER_FLAGS: "/machine:x64"
      CMAKE_MODULE_PATH: "C:/Users/bahar/Programming/.cpp/Projects/Ping Pong/vcpkg_installed/vcpkg/blds/libflac/src/1.4.3-00043104ae.clean/cmake"
      CMAKE_MSVC_DEBUG_INFORMATION_FORMAT: ""
      CMAKE_MSVC_RUNTIME_LIBRARY: "MultiThreaded$<$<CONFIG:Debug>:Debug>$<$<STREQUAL:dynamic,dynamic>:DLL>"
      VCPKG_CHAINLOAD_TOOLCHAIN_FILE: "C:/Program Files/Microsoft Visual Studio/2022/Community/VC/vcpkg/scripts/toolchains/windows.cmake"
      VCPKG_CRT_LINKAGE: "dynamic"
      VCPKG_CXX_FLAGS: ""
      VCPKG_CXX_FLAGS_DEBUG: ""
      VCPKG_CXX_FLAGS_RELEASE: ""
      VCPKG_C_FLAGS: ""
      VCPKG_C_FLAGS_DEBUG: ""
      VCPKG_C_FLAGS_RELEASE: ""
      VCPKG_INSTALLED_DIR: "C:/Users/bahar/Programming/.cpp/Projects/Ping Pong/vcpkg_installed"
      VCPKG_LINKER_FLAGS: ""
      VCPKG_LINKER_FLAGS_DEBUG: ""
      VCPKG_LINKER_FLAGS_RELEASE: ""
      VCPKG_PLATFORM_TOOLSET: "v143"
      VCPKG_PREFER_SYSTEM_LIBS: "OFF"
      VCPKG_SET_CHARSET_FLAG: "ON"
      VCPKG_TARGET_ARCHITECTURE: "x64"
      VCPKG_TARGET_TRIPLET: "x64-windows"
      Z_VCPKG_ROOT_DIR: "C:/Program Files/Microsoft Visual Studio/2022/Community/VC/vcpkg"
    buildResult:
      variable: "FLAC__HAS_X86INTRIN"
      cached: true
      stdout: |
        Change Dir: 'C:/Users/bahar/Programming/.cpp/Projects/Ping Pong/vcpkg_installed/vcpkg/blds/libflac/x64-windows-dbg/CMakeFiles/CMakeScratch/TryCompile-nswgbd'
        
        Run Build Command(s): "C:/Program Files/Microsoft Visual Studio/2022/Community/Common7/IDE/CommonExtensions/Microsoft/CMake/Ninja/ninja.exe" -v cmTC_0e8c1
        [1/2] C:\\PROGRA~1\\MICROS~1\\2022\\COMMUN~1\\VC\\Tools\\MSVC\\1444~1.352\\bin\\Hostx64\\x64\\cl.exe  /nologo   /nologo /DWIN32 /D_WINDOWS /utf-8 /MP   /MDd /Z7 /Ob0 /Od /RTC1 /showIncludes /FoCMakeFiles\\cmTC_0e8c1.dir\\CheckIncludeFile.c.obj /FdCMakeFiles\\cmTC_0e8c1.dir\\ /FS -c "C:\\Users\\bahar\\Programming\\.cpp\\Projects\\Ping Pong\\vcpkg_installed\\vcpkg\\blds\\libflac\\x64-windows-dbg\\CMakeFiles\\CMakeScratch\\TryCompile-nswgbd\\CheckIncludeFile.c"
        [2/2] C:\\WINDOWS\\system32\\cmd.exe /C "cd . && "C:\\Program Files\\Microsoft Visual Studio\\2022\\Community\\Common7\\IDE\\CommonExtensions\\Microsoft\\CMake\\CMake\\bin\\cmake.exe" -E vs_link_exe --msvc-ver=1944 --intdir=CMakeFiles\\cmTC_0e8c1.dir --rc=C:\\PROGRA~2\\WI3CF2~1\\10\\bin\\100261~1.0\\x64\\rc.exe --mt=C:\\PROGRA~2\\WI3CF2~1\\10\\bin\\100261~1.0\\x64\\mt.exe --manifests  -- C:\\PROGRA~1\\MICROS~1\\2022\\COMMUN~1\\VC\\Tools\\MSVC\\1444~1.352\\bin\\Hostx64\\x64\\link.exe /nologo CMakeFiles\\cmTC_0e8c1.dir\\CheckIncludeFile.c.obj  /out:cmTC_0e8c1.exe /implib:cmTC_0e8c1.lib /pdb:cmTC_0e8c1.pdb /version:0.0 /machine:x64  /nologo    /debug /INCREMENTAL /subsystem:console  kernel32.lib user32.lib gdi32.lib winspool.lib shell32.lib ole32.lib oleaut32.lib uuid.lib comdlg32.lib advapi32.lib && cd ."
        
      exitCode: 0
  -
    kind: "try_compile-v1"
    backtrace:
      - "C:/Program Files/Microsoft Visual Studio/2022/Community/Common7/IDE/CommonExtensions/Microsoft/CMake/CMake/share/cmake-3.31/Modules/CheckFunctionExists.cmake:93 (try_compile)"
      - "CMakeLists.txt:127 (check_function_exists)"
    checks:
      - "Looking for fseeko"
    directories:
      source: "C:/Users/bahar/Programming/.cpp/Projects/Ping Pong/vcpkg_installed/vcpkg/blds/libflac/x64-windows-dbg/CMakeFiles/CMakeScratch/TryCompile-zz6ogm"
      binary: "C:/Users/bahar/Programming/.cpp/Projects/Ping Pong/vcpkg_installed/vcpkg/blds/libflac/x64-windows-dbg/CMakeFiles/CMakeScratch/TryCompile-zz6ogm"
    cmakeVariables:
      CMAKE_C_FLAGS: " /nologo /DWIN32 /D_WINDOWS /utf-8 /MP "
      CMAKE_EXE_LINKER_FLAGS: "/machine:x64"
      CMAKE_MODULE_PATH: "C:/Users/bahar/Programming/.cpp/Projects/Ping Pong/vcpkg_installed/vcpkg/blds/libflac/src/1.4.3-00043104ae.clean/cmake"
      CMAKE_MSVC_DEBUG_INFORMATION_FORMAT: ""
      CMAKE_MSVC_RUNTIME_LIBRARY: "MultiThreaded$<$<CONFIG:Debug>:Debug>$<$<STREQUAL:dynamic,dynamic>:DLL>"
      VCPKG_CHAINLOAD_TOOLCHAIN_FILE: "C:/Program Files/Microsoft Visual Studio/2022/Community/VC/vcpkg/scripts/toolchains/windows.cmake"
      VCPKG_CRT_LINKAGE: "dynamic"
      VCPKG_CXX_FLAGS: ""
      VCPKG_CXX_FLAGS_DEBUG: ""
      VCPKG_CXX_FLAGS_RELEASE: ""
      VCPKG_C_FLAGS: ""
      VCPKG_C_FLAGS_DEBUG: ""
      VCPKG_C_FLAGS_RELEASE: ""
      VCPKG_INSTALLED_DIR: "C:/Users/bahar/Programming/.cpp/Projects/Ping Pong/vcpkg_installed"
      VCPKG_LINKER_FLAGS: ""
      VCPKG_LINKER_FLAGS_DEBUG: ""
      VCPKG_LINKER_FLAGS_RELEASE: ""
      VCPKG_PLATFORM_TOOLSET: "v143"
      VCPKG_PREFER_SYSTEM_LIBS: "OFF"
      VCPKG_SET_CHARSET_FLAG: "ON"
      VCPKG_TARGET_ARCHITECTURE: "x64"
      VCPKG_TARGET_TRIPLET: "x64-windows"
      Z_VCPKG_ROOT_DIR: "C:/Program Files/Microsoft Visual Studio/2022/Community/VC/vcpkg"
    buildResult:
      variable: "HAVE_FSEEKO"
      cached: true
      stdout: |
        Change Dir: 'C:/Users/bahar/Programming/.cpp/Projects/Ping Pong/vcpkg_installed/vcpkg/blds/libflac/x64-windows-dbg/CMakeFiles/CMakeScratch/TryCompile-zz6ogm'
        
        Run Build Command(s): "C:/Program Files/Microsoft Visual Studio/2022/Community/Common7/IDE/CommonExtensions/Microsoft/CMake/Ninja/ninja.exe" -v cmTC_c1664
        [1/2] C:\\PROGRA~1\\MICROS~1\\2022\\COMMUN~1\\VC\\Tools\\MSVC\\1444~1.352\\bin\\Hostx64\\x64\\cl.exe  /nologo   /nologo /DWIN32 /D_WINDOWS /utf-8 /MP  -DCHECK_FUNCTION_EXISTS=fseeko /MDd /Z7 /Ob0 /Od /RTC1 /showIncludes /FoCMakeFiles\\cmTC_c1664.dir\\CheckFunctionExists.c.obj /FdCMakeFiles\\cmTC_c1664.dir\\ /FS -c "C:\\Users\\bahar\\Programming\\.cpp\\Projects\\Ping Pong\\vcpkg_installed\\vcpkg\\blds\\libflac\\x64-windows-dbg\\CMakeFiles\\CMakeScratch\\TryCompile-zz6ogm\\CheckFunctionExists.c"
        [2/2] C:\\WINDOWS\\system32\\cmd.exe /C "cd . && "C:\\Program Files\\Microsoft Visual Studio\\2022\\Community\\Common7\\IDE\\CommonExtensions\\Microsoft\\CMake\\CMake\\bin\\cmake.exe" -E vs_link_exe --msvc-ver=1944 --intdir=CMakeFiles\\cmTC_c1664.dir --rc=C:\\PROGRA~2\\WI3CF2~1\\10\\bin\\100261~1.0\\x64\\rc.exe --mt=C:\\PROGRA~2\\WI3CF2~1\\10\\bin\\100261~1.0\\x64\\mt.exe --manifests  -- C:\\PROGRA~1\\MICROS~1\\2022\\COMMUN~1\\VC\\Tools\\MSVC\\1444~1.352\\bin\\Hostx64\\x64\\link.exe /nologo CMakeFiles\\cmTC_c1664.dir\\CheckFunctionExists.c.obj  /out:cmTC_c1664.exe /implib:cmTC_c1664.lib /pdb:cmTC_c1664.pdb /version:0.0 /machine:x64  /nologo    /debug /INCREMENTAL /subsystem:console  kernel32.lib user32.lib gdi32.lib winspool.lib shell32.lib ole32.lib oleaut32.lib uuid.lib comdlg32.lib advapi32.lib && cd ."
        FAILED: cmTC_c1664.exe 
        C:\\WINDOWS\\system32\\cmd.exe /C "cd . && "C:\\Program Files\\Microsoft Visual Studio\\2022\\Community\\Common7\\IDE\\CommonExtensions\\Microsoft\\CMake\\CMake\\bin\\cmake.exe" -E vs_link_exe --msvc-ver=1944 --intdir=CMakeFiles\\cmTC_c1664.dir --rc=C:\\PROGRA~2\\WI3CF2~1\\10\\bin\\100261~1.0\\x64\\rc.exe --mt=C:\\PROGRA~2\\WI3CF2~1\\10\\bin\\100261~1.0\\x64\\mt.exe --manifests  -- C:\\PROGRA~1\\MICROS~1\\2022\\COMMUN~1\\VC\\Tools\\MSVC\\1444~1.352\\bin\\Hostx64\\x64\\link.exe /nologo CMakeFiles\\cmTC_c1664.dir\\CheckFunctionExists.c.obj  /out:cmTC_c1664.exe /implib:cmTC_c1664.lib /pdb:cmTC_c1664.pdb /version:0.0 /machine:x64  /nologo    /debug /INCREMENTAL /subsystem:console  kernel32.lib user32.lib gdi32.lib winspool.lib shell32.lib ole32.lib oleaut32.lib uuid.lib comdlg32.lib advapi32.lib && cd ."
        LINK Pass 1: command "C:\\PROGRA~1\\MICROS~1\\2022\\COMMUN~1\\VC\\Tools\\MSVC\\1444~1.352\\bin\\Hostx64\\x64\\link.exe /nologo CMakeFiles\\cmTC_c1664.dir\\CheckFunctionExists.c.obj /out:cmTC_c1664.exe /implib:cmTC_c1664.lib /pdb:cmTC_c1664.pdb /version:0.0 /machine:x64 /nologo /debug /INCREMENTAL /subsystem:console kernel32.lib user32.lib gdi32.lib winspool.lib shell32.lib ole32.lib oleaut32.lib uuid.lib comdlg32.lib advapi32.lib /MANIFEST /MANIFESTFILE:CMakeFiles\\cmTC_c1664.dir/intermediate.manifest CMakeFiles\\cmTC_c1664.dir/manifest.res" failed (exit code 1120) with the following output:
        CheckFunctionExists.c.obj : error LNK2019: ссылка на неразрешенный внешний символ fseeko в функции main.
        cmTC_c1664.exe : fatal error LNK1120: неразрешенных внешних элементов: 1\x0d
        ninja: build stopped: subcommand failed.
        
      exitCode: 1
  -
    kind: "try_compile-v1"
    backtrace:
      - "C:/Program Files/Microsoft Visual Studio/2022/Community/Common7/IDE/CommonExtensions/Microsoft/CMake/CMake/share/cmake-3.31/Modules/Internal/CheckSourceCompiles.cmake:108 (try_compile)"
      - "C:/Program Files/Microsoft Visual Studio/2022/Community/Common7/IDE/CommonExtensions/Microsoft/CMake/CMake/share/cmake-3.31/Modules/CheckCSourceCompiles.cmake:58 (cmake_check_source_compiles)"
      - "CMakeLists.txt:129 (check_c_source_compiles)"
    checks:
      - "Performing Test HAVE_BSWAP16"
    directories:
      source: "C:/Users/bahar/Programming/.cpp/Projects/Ping Pong/vcpkg_installed/vcpkg/blds/libflac/x64-windows-dbg/CMakeFiles/CMakeScratch/TryCompile-dmkip7"
      binary: "C:/Users/bahar/Programming/.cpp/Projects/Ping Pong/vcpkg_installed/vcpkg/blds/libflac/x64-windows-dbg/CMakeFiles/CMakeScratch/TryCompile-dmkip7"
    cmakeVariables:
      CMAKE_C_FLAGS: " /nologo /DWIN32 /D_WINDOWS /utf-8 /MP "
      CMAKE_EXE_LINKER_FLAGS: "/machine:x64"
      CMAKE_MODULE_PATH: "C:/Users/bahar/Programming/.cpp/Projects/Ping Pong/vcpkg_installed/vcpkg/blds/libflac/src/1.4.3-00043104ae.clean/cmake"
      CMAKE_MSVC_DEBUG_INFORMATION_FORMAT: ""
      CMAKE_MSVC_RUNTIME_LIBRARY: "MultiThreaded$<$<CONFIG:Debug>:Debug>$<$<STREQUAL:dynamic,dynamic>:DLL>"
      VCPKG_CHAINLOAD_TOOLCHAIN_FILE: "C:/Program Files/Microsoft Visual Studio/2022/Community/VC/vcpkg/scripts/toolchains/windows.cmake"
      VCPKG_CRT_LINKAGE: "dynamic"
      VCPKG_CXX_FLAGS: ""
      VCPKG_CXX_FLAGS_DEBUG: ""
      VCPKG_CXX_FLAGS_RELEASE: ""
      VCPKG_C_FLAGS: ""
      VCPKG_C_FLAGS_DEBUG: ""
      VCPKG_C_FLAGS_RELEASE: ""
      VCPKG_INSTALLED_DIR: "C:/Users/bahar/Programming/.cpp/Projects/Ping Pong/vcpkg_installed"
      VCPKG_LINKER_FLAGS: ""
      VCPKG_LINKER_FLAGS_DEBUG: ""
      VCPKG_LINKER_FLAGS_RELEASE: ""
      VCPKG_PLATFORM_TOOLSET: "v143"
      VCPKG_PREFER_SYSTEM_LIBS: "OFF"
      VCPKG_SET_CHARSET_FLAG: "ON"
      VCPKG_TARGET_ARCHITECTURE: "x64"
      VCPKG_TARGET_TRIPLET: "x64-windows"
      Z_VCPKG_ROOT_DIR: "C:/Program Files/Microsoft Visual Studio/2022/Community/VC/vcpkg"
    buildResult:
      variable: "HAVE_BSWAP16"
      cached: true
      stdout: |
        Change Dir: 'C:/Users/bahar/Programming/.cpp/Projects/Ping Pong/vcpkg_installed/vcpkg/blds/libflac/x64-windows-dbg/CMakeFiles/CMakeScratch/TryCompile-dmkip7'
        
        Run Build Command(s): "C:/Program Files/Microsoft Visual Studio/2022/Community/Common7/IDE/CommonExtensions/Microsoft/CMake/Ninja/ninja.exe" -v cmTC_0c3cd
        [1/2] C:\\PROGRA~1\\MICROS~1\\2022\\COMMUN~1\\VC\\Tools\\MSVC\\1444~1.352\\bin\\Hostx64\\x64\\cl.exe  /nologo -DHAVE_BSWAP16  /nologo /DWIN32 /D_WINDOWS /utf-8 /MP   /MDd /Z7 /Ob0 /Od /RTC1 /showIncludes /FoCMakeFiles\\cmTC_0c3cd.dir\\src.c.obj /FdCMakeFiles\\cmTC_0c3cd.dir\\ /FS -c "C:\\Users\\bahar\\Programming\\.cpp\\Projects\\Ping Pong\\vcpkg_installed\\vcpkg\\blds\\libflac\\x64-windows-dbg\\CMakeFiles\\CMakeScratch\\TryCompile-dmkip7\\src.c"
        [2/2] C:\\WINDOWS\\system32\\cmd.exe /C "cd . && "C:\\Program Files\\Microsoft Visual Studio\\2022\\Community\\Common7\\IDE\\CommonExtensions\\Microsoft\\CMake\\CMake\\bin\\cmake.exe" -E vs_link_exe --msvc-ver=1944 --intdir=CMakeFiles\\cmTC_0c3cd.dir --rc=C:\\PROGRA~2\\WI3CF2~1\\10\\bin\\100261~1.0\\x64\\rc.exe --mt=C:\\PROGRA~2\\WI3CF2~1\\10\\bin\\100261~1.0\\x64\\mt.exe --manifests  -- C:\\PROGRA~1\\MICROS~1\\2022\\COMMUN~1\\VC\\Tools\\MSVC\\1444~1.352\\bin\\Hostx64\\x64\\link.exe /nologo CMakeFiles\\cmTC_0c3cd.dir\\src.c.obj  /out:cmTC_0c3cd.exe /implib:cmTC_0c3cd.lib /pdb:cmTC_0c3cd.pdb /version:0.0 /machine:x64  /nologo    /debug /INCREMENTAL /subsystem:console  kernel32.lib user32.lib gdi32.lib winspool.lib shell32.lib ole32.lib oleaut32.lib uuid.lib comdlg32.lib advapi32.lib && cd ."
        FAILED: cmTC_0c3cd.exe 
        C:\\WINDOWS\\system32\\cmd.exe /C "cd . && "C:\\Program Files\\Microsoft Visual Studio\\2022\\Community\\Common7\\IDE\\CommonExtensions\\Microsoft\\CMake\\CMake\\bin\\cmake.exe" -E vs_link_exe --msvc-ver=1944 --intdir=CMakeFiles\\cmTC_0c3cd.dir --rc=C:\\PROGRA~2\\WI3CF2~1\\10\\bin\\100261~1.0\\x64\\rc.exe --mt=C:\\PROGRA~2\\WI3CF2~1\\10\\bin\\100261~1.0\\x64\\mt.exe --manifests  -- C:\\PROGRA~1\\MICROS~1\\2022\\COMMUN~1\\VC\\Tools\\MSVC\\1444~1.352\\bin\\Hostx64\\x64\\link.exe /nologo CMakeFiles\\cmTC_0c3cd.dir\\src.c.obj  /out:cmTC_0c3cd.exe /implib:cmTC_0c3cd.lib /pdb:cmTC_0c3cd.pdb /version:0.0 /machine:x64  /nologo    /debug /INCREMENTAL /subsystem:console  kernel32.lib user32.lib gdi32.lib winspool.lib shell32.lib ole32.lib oleaut32.lib uuid.lib comdlg32.lib advapi32.lib && cd ."
        LINK Pass 1: command "C:\\PROGRA~1\\MICROS~1\\2022\\COMMUN~1\\VC\\Tools\\MSVC\\1444~1.352\\bin\\Hostx64\\x64\\link.exe /nologo CMakeFiles\\cmTC_0c3cd.dir\\src.c.obj /out:cmTC_0c3cd.exe /implib:cmTC_0c3cd.lib /pdb:cmTC_0c3cd.pdb /version:0.0 /machine:x64 /nologo /debug /INCREMENTAL /subsystem:console kernel32.lib user32.lib gdi32.lib winspool.lib shell32.lib ole32.lib oleaut32.lib uuid.lib comdlg32.lib advapi32.lib /MANIFEST /MANIFESTFILE:CMakeFiles\\cmTC_0c3cd.dir/intermediate.manifest CMakeFiles\\cmTC_0c3cd.dir/manifest.res" failed (exit code 1120) with the following output:
        src.c.obj : error LNK2019: ссылка на неразрешенный внешний символ __builtin_bswap16 в функции main.
        cmTC_0c3cd.exe : fatal error LNK1120: неразрешенных внешних элементов: 1\x0d
        ninja: build stopped: subcommand failed.
        
      exitCode: 1
  -
    kind: "try_compile-v1"
    backtrace:
      - "C:/Program Files/Microsoft Visual Studio/2022/Community/Common7/IDE/CommonExtensions/Microsoft/CMake/CMake/share/cmake-3.31/Modules/Internal/CheckSourceCompiles.cmake:108 (try_compile)"
      - "C:/Program Files/Microsoft Visual Studio/2022/Community/Common7/IDE/CommonExtensions/Microsoft/CMake/CMake/share/cmake-3.31/Modules/CheckCSourceCompiles.cmake:58 (cmake_check_source_compiles)"
      - "CMakeLists.txt:130 (check_c_source_compiles)"
    checks:
      - "Performing Test HAVE_BSWAP32"
    directories:
      source: "C:/Users/bahar/Programming/.cpp/Projects/Ping Pong/vcpkg_installed/vcpkg/blds/libflac/x64-windows-dbg/CMakeFiles/CMakeScratch/TryCompile-m8mmyb"
      binary: "C:/Users/bahar/Programming/.cpp/Projects/Ping Pong/vcpkg_installed/vcpkg/blds/libflac/x64-windows-dbg/CMakeFiles/CMakeScratch/TryCompile-m8mmyb"
    cmakeVariables:
      CMAKE_C_FLAGS: " /nologo /DWIN32 /D_WINDOWS /utf-8 /MP "
      CMAKE_EXE_LINKER_FLAGS: "/machine:x64"
      CMAKE_MODULE_PATH: "C:/Users/bahar/Programming/.cpp/Projects/Ping Pong/vcpkg_installed/vcpkg/blds/libflac/src/1.4.3-00043104ae.clean/cmake"
      CMAKE_MSVC_DEBUG_INFORMATION_FORMAT: ""
      CMAKE_MSVC_RUNTIME_LIBRARY: "MultiThreaded$<$<CONFIG:Debug>:Debug>$<$<STREQUAL:dynamic,dynamic>:DLL>"
      VCPKG_CHAINLOAD_TOOLCHAIN_FILE: "C:/Program Files/Microsoft Visual Studio/2022/Community/VC/vcpkg/scripts/toolchains/windows.cmake"
      VCPKG_CRT_LINKAGE: "dynamic"
      VCPKG_CXX_FLAGS: ""
      VCPKG_CXX_FLAGS_DEBUG: ""
      VCPKG_CXX_FLAGS_RELEASE: ""
      VCPKG_C_FLAGS: ""
      VCPKG_C_FLAGS_DEBUG: ""
      VCPKG_C_FLAGS_RELEASE: ""
      VCPKG_INSTALLED_DIR: "C:/Users/bahar/Programming/.cpp/Projects/Ping Pong/vcpkg_installed"
      VCPKG_LINKER_FLAGS: ""
      VCPKG_LINKER_FLAGS_DEBUG: ""
      VCPKG_LINKER_FLAGS_RELEASE: ""
      VCPKG_PLATFORM_TOOLSET: "v143"
      VCPKG_PREFER_SYSTEM_LIBS: "OFF"
      VCPKG_SET_CHARSET_FLAG: "ON"
      VCPKG_TARGET_ARCHITECTURE: "x64"
      VCPKG_TARGET_TRIPLET: "x64-windows"
      Z_VCPKG_ROOT_DIR: "C:/Program Files/Microsoft Visual Studio/2022/Community/VC/vcpkg"
    buildResult:
      variable: "HAVE_BSWAP32"
      cached: true
      stdout: |
        Change Dir: 'C:/Users/bahar/Programming/.cpp/Projects/Ping Pong/vcpkg_installed/vcpkg/blds/libflac/x64-windows-dbg/CMakeFiles/CMakeScratch/TryCompile-m8mmyb'
        
        Run Build Command(s): "C:/Program Files/Microsoft Visual Studio/2022/Community/Common7/IDE/CommonExtensions/Microsoft/CMake/Ninja/ninja.exe" -v cmTC_f6b81
        [1/2] C:\\PROGRA~1\\MICROS~1\\2022\\COMMUN~1\\VC\\Tools\\MSVC\\1444~1.352\\bin\\Hostx64\\x64\\cl.exe  /nologo -DHAVE_BSWAP32  /nologo /DWIN32 /D_WINDOWS /utf-8 /MP   /MDd /Z7 /Ob0 /Od /RTC1 /showIncludes /FoCMakeFiles\\cmTC_f6b81.dir\\src.c.obj /FdCMakeFiles\\cmTC_f6b81.dir\\ /FS -c "C:\\Users\\bahar\\Programming\\.cpp\\Projects\\Ping Pong\\vcpkg_installed\\vcpkg\\blds\\libflac\\x64-windows-dbg\\CMakeFiles\\CMakeScratch\\TryCompile-m8mmyb\\src.c"
        [2/2] C:\\WINDOWS\\system32\\cmd.exe /C "cd . && "C:\\Program Files\\Microsoft Visual Studio\\2022\\Community\\Common7\\IDE\\CommonExtensions\\Microsoft\\CMake\\CMake\\bin\\cmake.exe" -E vs_link_exe --msvc-ver=1944 --intdir=CMakeFiles\\cmTC_f6b81.dir --rc=C:\\PROGRA~2\\WI3CF2~1\\10\\bin\\100261~1.0\\x64\\rc.exe --mt=C:\\PROGRA~2\\WI3CF2~1\\10\\bin\\100261~1.0\\x64\\mt.exe --manifests  -- C:\\PROGRA~1\\MICROS~1\\2022\\COMMUN~1\\VC\\Tools\\MSVC\\1444~1.352\\bin\\Hostx64\\x64\\link.exe /nologo CMakeFiles\\cmTC_f6b81.dir\\src.c.obj  /out:cmTC_f6b81.exe /implib:cmTC_f6b81.lib /pdb:cmTC_f6b81.pdb /version:0.0 /machine:x64  /nologo    /debug /INCREMENTAL /subsystem:console  kernel32.lib user32.lib gdi32.lib winspool.lib shell32.lib ole32.lib oleaut32.lib uuid.lib comdlg32.lib advapi32.lib && cd ."
        FAILED: cmTC_f6b81.exe 
        C:\\WINDOWS\\system32\\cmd.exe /C "cd . && "C:\\Program Files\\Microsoft Visual Studio\\2022\\Community\\Common7\\IDE\\CommonExtensions\\Microsoft\\CMake\\CMake\\bin\\cmake.exe" -E vs_link_exe --msvc-ver=1944 --intdir=CMakeFiles\\cmTC_f6b81.dir --rc=C:\\PROGRA~2\\WI3CF2~1\\10\\bin\\100261~1.0\\x64\\rc.exe --mt=C:\\PROGRA~2\\WI3CF2~1\\10\\bin\\100261~1.0\\x64\\mt.exe --manifests  -- C:\\PROGRA~1\\MICROS~1\\2022\\COMMUN~1\\VC\\Tools\\MSVC\\1444~1.352\\bin\\Hostx64\\x64\\link.exe /nologo CMakeFiles\\cmTC_f6b81.dir\\src.c.obj  /out:cmTC_f6b81.exe /implib:cmTC_f6b81.lib /pdb:cmTC_f6b81.pdb /version:0.0 /machine:x64  /nologo    /debug /INCREMENTAL /subsystem:console  kernel32.lib user32.lib gdi32.lib winspool.lib shell32.lib ole32.lib oleaut32.lib uuid.lib comdlg32.lib advapi32.lib && cd ."
        LINK Pass 1: command "C:\\PROGRA~1\\MICROS~1\\2022\\COMMUN~1\\VC\\Tools\\MSVC\\1444~1.352\\bin\\Hostx64\\x64\\link.exe /nologo CMakeFiles\\cmTC_f6b81.dir\\src.c.obj /out:cmTC_f6b81.exe /implib:cmTC_f6b81.lib /pdb:cmTC_f6b81.pdb /version:0.0 /machine:x64 /nologo /debug /INCREMENTAL /subsystem:console kernel32.lib user32.lib gdi32.lib winspool.lib shell32.lib ole32.lib oleaut32.lib uuid.lib comdlg32.lib advapi32.lib /MANIFEST /MANIFESTFILE:CMakeFiles\\cmTC_f6b81.dir/intermediate.manifest CMakeFiles\\cmTC_f6b81.dir/manifest.res" failed (exit code 1120) with the following output:
        src.c.obj : error LNK2019: ссылка на неразрешенный внешний символ __builtin_bswap32 в функции main.
        cmTC_f6b81.exe : fatal error LNK1120: неразрешенных внешних элементов: 1\x0d
        ninja: build stopped: subcommand failed.
        
      exitCode: 1
  -
    kind: "try_compile-v1"
    backtrace:
      - "C:/Program Files/Microsoft Visual Studio/2022/Community/Common7/IDE/CommonExtensions/Microsoft/CMake/CMake/share/cmake-3.31/Modules/Internal/CheckSourceCompiles.cmake:108 (try_compile)"
      - "C:/Program Files/Microsoft Visual Studio/2022/Community/Common7/IDE/CommonExtensions/Microsoft/CMake/CMake/share/cmake-3.31/Modules/CheckCSourceCompiles.cmake:58 (cmake_check_source_compiles)"
      - "CMakeLists.txt:131 (check_c_source_compiles)"
    checks:
      - "Performing Test HAVE_LANGINFO_CODESET"
    directories:
      source: "C:/Users/bahar/Programming/.cpp/Projects/Ping Pong/vcpkg_installed/vcpkg/blds/libflac/x64-windows-dbg/CMakeFiles/CMakeScratch/TryCompile-8mz588"
      binary: "C:/Users/bahar/Programming/.cpp/Projects/Ping Pong/vcpkg_installed/vcpkg/blds/libflac/x64-windows-dbg/CMakeFiles/CMakeScratch/TryCompile-8mz588"
    cmakeVariables:
      CMAKE_C_FLAGS: " /nologo /DWIN32 /D_WINDOWS /utf-8 /MP "
      CMAKE_EXE_LINKER_FLAGS: "/machine:x64"
      CMAKE_MODULE_PATH: "C:/Users/bahar/Programming/.cpp/Projects/Ping Pong/vcpkg_installed/vcpkg/blds/libflac/src/1.4.3-00043104ae.clean/cmake"
      CMAKE_MSVC_DEBUG_INFORMATION_FORMAT: ""
      CMAKE_MSVC_RUNTIME_LIBRARY: "MultiThreaded$<$<CONFIG:Debug>:Debug>$<$<STREQUAL:dynamic,dynamic>:DLL>"
      VCPKG_CHAINLOAD_TOOLCHAIN_FILE: "C:/Program Files/Microsoft Visual Studio/2022/Community/VC/vcpkg/scripts/toolchains/windows.cmake"
      VCPKG_CRT_LINKAGE: "dynamic"
      VCPKG_CXX_FLAGS: ""
      VCPKG_CXX_FLAGS_DEBUG: ""
      VCPKG_CXX_FLAGS_RELEASE: ""
      VCPKG_C_FLAGS: ""
      VCPKG_C_FLAGS_DEBUG: ""
      VCPKG_C_FLAGS_RELEASE: ""
      VCPKG_INSTALLED_DIR: "C:/Users/bahar/Programming/.cpp/Projects/Ping Pong/vcpkg_installed"
      VCPKG_LINKER_FLAGS: ""
      VCPKG_LINKER_FLAGS_DEBUG: ""
      VCPKG_LINKER_FLAGS_RELEASE: ""
      VCPKG_PLATFORM_TOOLSET: "v143"
      VCPKG_PREFER_SYSTEM_LIBS: "OFF"
      VCPKG_SET_CHARSET_FLAG: "ON"
      VCPKG_TARGET_ARCHITECTURE: "x64"
      VCPKG_TARGET_TRIPLET: "x64-windows"
      Z_VCPKG_ROOT_DIR: "C:/Program Files/Microsoft Visual Studio/2022/Community/VC/vcpkg"
    buildResult:
      variable: "HAVE_LANGINFO_CODESET"
      cached: true
      stdout: |
        Change Dir: 'C:/Users/bahar/Programming/.cpp/Projects/Ping Pong/vcpkg_installed/vcpkg/blds/libflac/x64-windows-dbg/CMakeFiles/CMakeScratch/TryCompile-8mz588'
        
        Run Build Command(s): "C:/Program Files/Microsoft Visual Studio/2022/Community/Common7/IDE/CommonExtensions/Microsoft/CMake/Ninja/ninja.exe" -v cmTC_8083c
        [1/2] C:\\PROGRA~1\\MICROS~1\\2022\\COMMUN~1\\VC\\Tools\\MSVC\\1444~1.352\\bin\\Hostx64\\x64\\cl.exe  /nologo -DHAVE_LANGINFO_CODESET  /nologo /DWIN32 /D_WINDOWS /utf-8 /MP   /MDd /Z7 /Ob0 /Od /RTC1 /showIncludes /FoCMakeFiles\\cmTC_8083c.dir\\src.c.obj /FdCMakeFiles\\cmTC_8083c.dir\\ /FS -c "C:\\Users\\bahar\\Programming\\.cpp\\Projects\\Ping Pong\\vcpkg_installed\\vcpkg\\blds\\libflac\\x64-windows-dbg\\CMakeFiles\\CMakeScratch\\TryCompile-8mz588\\src.c"
        FAILED: CMakeFiles/cmTC_8083c.dir/src.c.obj 
        C:\\PROGRA~1\\MICROS~1\\2022\\COMMUN~1\\VC\\Tools\\MSVC\\1444~1.352\\bin\\Hostx64\\x64\\cl.exe  /nologo -DHAVE_LANGINFO_CODESET  /nologo /DWIN32 /D_WINDOWS /utf-8 /MP   /MDd /Z7 /Ob0 /Od /RTC1 /showIncludes /FoCMakeFiles\\cmTC_8083c.dir\\src.c.obj /FdCMakeFiles\\cmTC_8083c.dir\\ /FS -c "C:\\Users\\bahar\\Programming\\.cpp\\Projects\\Ping Pong\\vcpkg_installed\\vcpkg\\blds\\libflac\\x64-windows-dbg\\CMakeFiles\\CMakeScratch\\TryCompile-8mz588\\src.c"
        C:\\Users\\bahar\\Programming\\.cpp\\Projects\\Ping Pong\\vcpkg_installed\\vcpkg\\blds\\libflac\\x64-windows-dbg\\CMakeFiles\\CMakeScratch\\TryCompile-8mz588\\src.c(2): fatal error C1083: Не удается открыть файл включение: langinfo.h: No such file or directory,
        ninja: build stopped: subcommand failed.
        
      exitCode: 1
  -
    kind: "try_compile-v1"
    backtrace:
      - "C:/Program Files/Microsoft Visual Studio/2022/Community/Common7/IDE/CommonExtensions/Microsoft/CMake/CMake/share/cmake-3.31/Modules/Internal/CheckSourceCompiles.cmake:108 (try_compile)"
      - "C:/Program Files/Microsoft Visual Studio/2022/Community/Common7/IDE/CommonExtensions/Microsoft/CMake/CMake/share/cmake-3.31/Modules/Internal/CheckCompilerFlag.cmake:18 (cmake_check_source_compiles)"
      - "C:/Program Files/Microsoft Visual Studio/2022/Community/Common7/IDE/CommonExtensions/Microsoft/CMake/CMake/share/cmake-3.31/Modules/CheckCCompilerFlag.cmake:56 (cmake_check_compiler_flag)"
      - "CMakeLists.txt:142 (check_c_compiler_flag)"
    checks:
      - "Performing Test HAVE_WERROR_FLAG"
    directories:
      source: "C:/Users/bahar/Programming/.cpp/Projects/Ping Pong/vcpkg_installed/vcpkg/blds/libflac/x64-windows-dbg/CMakeFiles/CMakeScratch/TryCompile-dciwiz"
      binary: "C:/Users/bahar/Programming/.cpp/Projects/Ping Pong/vcpkg_installed/vcpkg/blds/libflac/x64-windows-dbg/CMakeFiles/CMakeScratch/TryCompile-dciwiz"
    cmakeVariables:
      CMAKE_C_FLAGS: " /nologo /DWIN32 /D_WINDOWS /utf-8 /MP "
      CMAKE_EXE_LINKER_FLAGS: "/machine:x64"
      CMAKE_MODULE_PATH: "C:/Users/bahar/Programming/.cpp/Projects/Ping Pong/vcpkg_installed/vcpkg/blds/libflac/src/1.4.3-00043104ae.clean/cmake"
      CMAKE_MSVC_DEBUG_INFORMATION_FORMAT: ""
      CMAKE_MSVC_RUNTIME_LIBRARY: "MultiThreaded$<$<CONFIG:Debug>:Debug>$<$<STREQUAL:dynamic,dynamic>:DLL>"
      VCPKG_CHAINLOAD_TOOLCHAIN_FILE: "C:/Program Files/Microsoft Visual Studio/2022/Community/VC/vcpkg/scripts/toolchains/windows.cmake"
      VCPKG_CRT_LINKAGE: "dynamic"
      VCPKG_CXX_FLAGS: ""
      VCPKG_CXX_FLAGS_DEBUG: ""
      VCPKG_CXX_FLAGS_RELEASE: ""
      VCPKG_C_FLAGS: ""
      VCPKG_C_FLAGS_DEBUG: ""
      VCPKG_C_FLAGS_RELEASE: ""
      VCPKG_INSTALLED_DIR: "C:/Users/bahar/Programming/.cpp/Projects/Ping Pong/vcpkg_installed"
      VCPKG_LINKER_FLAGS: ""
      VCPKG_LINKER_FLAGS_DEBUG: ""
      VCPKG_LINKER_FLAGS_RELEASE: ""
      VCPKG_PLATFORM_TOOLSET: "v143"
      VCPKG_PREFER_SYSTEM_LIBS: "OFF"
      VCPKG_SET_CHARSET_FLAG: "ON"
      VCPKG_TARGET_ARCHITECTURE: "x64"
      VCPKG_TARGET_TRIPLET: "x64-windows"
      Z_VCPKG_ROOT_DIR: "C:/Program Files/Microsoft Visual Studio/2022/Community/VC/vcpkg"
    buildResult:
      variable: "HAVE_WERROR_FLAG"
      cached: true
      stdout: |
        Change Dir: 'C:/Users/bahar/Programming/.cpp/Projects/Ping Pong/vcpkg_installed/vcpkg/blds/libflac/x64-windows-dbg/CMakeFiles/CMakeScratch/TryCompile-dciwiz'
        
        Run Build Command(s): "C:/Program Files/Microsoft Visual Studio/2022/Community/Common7/IDE/CommonExtensions/Microsoft/CMake/Ninja/ninja.exe" -v cmTC_9e0af
        [1/2] C:\\PROGRA~1\\MICROS~1\\2022\\COMMUN~1\\VC\\Tools\\MSVC\\1444~1.352\\bin\\Hostx64\\x64\\cl.exe  /nologo -DHAVE_WERROR_FLAG  /nologo /DWIN32 /D_WINDOWS /utf-8 /MP   /MDd /Z7 /Ob0 /Od /RTC1    -Werror /showIncludes /FoCMakeFiles\\cmTC_9e0af.dir\\src.c.obj /FdCMakeFiles\\cmTC_9e0af.dir\\ /FS -c "C:\\Users\\bahar\\Programming\\.cpp\\Projects\\Ping Pong\\vcpkg_installed\\vcpkg\\blds\\libflac\\x64-windows-dbg\\CMakeFiles\\CMakeScratch\\TryCompile-dciwiz\\src.c"
        FAILED: CMakeFiles/cmTC_9e0af.dir/src.c.obj 
        C:\\PROGRA~1\\MICROS~1\\2022\\COMMUN~1\\VC\\Tools\\MSVC\\1444~1.352\\bin\\Hostx64\\x64\\cl.exe  /nologo -DHAVE_WERROR_FLAG  /nologo /DWIN32 /D_WINDOWS /utf-8 /MP   /MDd /Z7 /Ob0 /Od /RTC1    -Werror /showIncludes /FoCMakeFiles\\cmTC_9e0af.dir\\src.c.obj /FdCMakeFiles\\cmTC_9e0af.dir\\ /FS -c "C:\\Users\\bahar\\Programming\\.cpp\\Projects\\Ping Pong\\vcpkg_installed\\vcpkg\\blds\\libflac\\x64-windows-dbg\\CMakeFiles\\CMakeScratch\\TryCompile-dciwiz\\src.c"
        cl: командная строка error D8021: недопустимый числовой аргумент "/Werror"
        ninja: build stopped: subcommand failed.
        
      exitCode: 1
  -
    kind: "try_compile-v1"
    backtrace:
      - "C:/Program Files/Microsoft Visual Studio/2022/Community/Common7/IDE/CommonExtensions/Microsoft/CMake/CMake/share/cmake-3.31/Modules/Internal/CheckSourceCompiles.cmake:108 (try_compile)"
      - "C:/Program Files/Microsoft Visual Studio/2022/Community/Common7/IDE/CommonExtensions/Microsoft/CMake/CMake/share/cmake-3.31/Modules/Internal/CheckCompilerFlag.cmake:18 (cmake_check_source_compiles)"
      - "C:/Program Files/Microsoft Visual Studio/2022/Community/Common7/IDE/CommonExtensions/Microsoft/CMake/CMake/share/cmake-3.31/Modules/CheckCCompilerFlag.cmake:56 (cmake_check_compiler_flag)"
      - "CMakeLists.txt:143 (check_c_compiler_flag)"
    checks:
      - "Performing Test HAVE_DECL_AFTER_STMT_FLAG"
    directories:
      source: "C:/Users/bahar/Programming/.cpp/Projects/Ping Pong/vcpkg_installed/vcpkg/blds/libflac/x64-windows-dbg/CMakeFiles/CMakeScratch/TryCompile-urs2dt"
      binary: "C:/Users/bahar/Programming/.cpp/Projects/Ping Pong/vcpkg_installed/vcpkg/blds/libflac/x64-windows-dbg/CMakeFiles/CMakeScratch/TryCompile-urs2dt"
    cmakeVariables:
      CMAKE_C_FLAGS: " /nologo /DWIN32 /D_WINDOWS /utf-8 /MP "
      CMAKE_EXE_LINKER_FLAGS: "/machine:x64"
      CMAKE_MODULE_PATH: "C:/Users/bahar/Programming/.cpp/Projects/Ping Pong/vcpkg_installed/vcpkg/blds/libflac/src/1.4.3-00043104ae.clean/cmake"
      CMAKE_MSVC_DEBUG_INFORMATION_FORMAT: ""
      CMAKE_MSVC_RUNTIME_LIBRARY: "MultiThreaded$<$<CONFIG:Debug>:Debug>$<$<STREQUAL:dynamic,dynamic>:DLL>"
      VCPKG_CHAINLOAD_TOOLCHAIN_FILE: "C:/Program Files/Microsoft Visual Studio/2022/Community/VC/vcpkg/scripts/toolchains/windows.cmake"
      VCPKG_CRT_LINKAGE: "dynamic"
      VCPKG_CXX_FLAGS: ""
      VCPKG_CXX_FLAGS_DEBUG: ""
      VCPKG_CXX_FLAGS_RELEASE: ""
      VCPKG_C_FLAGS: ""
      VCPKG_C_FLAGS_DEBUG: ""
      VCPKG_C_FLAGS_RELEASE: ""
      VCPKG_INSTALLED_DIR: "C:/Users/bahar/Programming/.cpp/Projects/Ping Pong/vcpkg_installed"
      VCPKG_LINKER_FLAGS: ""
      VCPKG_LINKER_FLAGS_DEBUG: ""
      VCPKG_LINKER_FLAGS_RELEASE: ""
      VCPKG_PLATFORM_TOOLSET: "v143"
      VCPKG_PREFER_SYSTEM_LIBS: "OFF"
      VCPKG_SET_CHARSET_FLAG: "ON"
      VCPKG_TARGET_ARCHITECTURE: "x64"
      VCPKG_TARGET_TRIPLET: "x64-windows"
      Z_VCPKG_ROOT_DIR: "C:/Program Files/Microsoft Visual Studio/2022/Community/VC/vcpkg"
    buildResult:
      variable: "HAVE_DECL_AFTER_STMT_FLAG"
      cached: true
      stdout: |
        Change Dir: 'C:/Users/bahar/Programming/.cpp/Projects/Ping Pong/vcpkg_installed/vcpkg/blds/libflac/x64-windows-dbg/CMakeFiles/CMakeScratch/TryCompile-urs2dt'
        
        Run Build Command(s): "C:/Program Files/Microsoft Visual Studio/2022/Community/Common7/IDE/CommonExtensions/Microsoft/CMake/Ninja/ninja.exe" -v cmTC_60471
        [1/2] C:\\PROGRA~1\\MICROS~1\\2022\\COMMUN~1\\VC\\Tools\\MSVC\\1444~1.352\\bin\\Hostx64\\x64\\cl.exe  /nologo -DHAVE_DECL_AFTER_STMT_FLAG  /nologo /DWIN32 /D_WINDOWS /utf-8 /MP   /MDd /Z7 /Ob0 /Od /RTC1    -Wdeclaration-after-statement /showIncludes /FoCMakeFiles\\cmTC_60471.dir\\src.c.obj /FdCMakeFiles\\cmTC_60471.dir\\ /FS -c "C:\\Users\\bahar\\Programming\\.cpp\\Projects\\Ping Pong\\vcpkg_installed\\vcpkg\\blds\\libflac\\x64-windows-dbg\\CMakeFiles\\CMakeScratch\\TryCompile-urs2dt\\src.c"
        FAILED: CMakeFiles/cmTC_60471.dir/src.c.obj 
        C:\\PROGRA~1\\MICROS~1\\2022\\COMMUN~1\\VC\\Tools\\MSVC\\1444~1.352\\bin\\Hostx64\\x64\\cl.exe  /nologo -DHAVE_DECL_AFTER_STMT_FLAG  /nologo /DWIN32 /D_WINDOWS /utf-8 /MP   /MDd /Z7 /Ob0 /Od /RTC1    -Wdeclaration-after-statement /showIncludes /FoCMakeFiles\\cmTC_60471.dir\\src.c.obj /FdCMakeFiles\\cmTC_60471.dir\\ /FS -c "C:\\Users\\bahar\\Programming\\.cpp\\Projects\\Ping Pong\\vcpkg_installed\\vcpkg\\blds\\libflac\\x64-windows-dbg\\CMakeFiles\\CMakeScratch\\TryCompile-urs2dt\\src.c"
        cl: командная строка error D8021: недопустимый числовой аргумент "/Wdeclaration-after-statement"
        ninja: build stopped: subcommand failed.
        
      exitCode: 1
  -
    kind: "try_compile-v1"
    backtrace:
      - "C:/Program Files/Microsoft Visual Studio/2022/Community/Common7/IDE/CommonExtensions/Microsoft/CMake/CMake/share/cmake-3.31/Modules/Internal/CheckSourceCompiles.cmake:108 (try_compile)"
      - "C:/Program Files/Microsoft Visual Studio/2022/Community/Common7/IDE/CommonExtensions/Microsoft/CMake/CMake/share/cmake-3.31/Modules/Internal/CheckCompilerFlag.cmake:18 (cmake_check_source_compiles)"
      - "C:/Program Files/Microsoft Visual Studio/2022/Community/Common7/IDE/CommonExtensions/Microsoft/CMake/CMake/share/cmake-3.31/Modules/CheckCCompilerFlag.cmake:56 (cmake_check_compiler_flag)"
      - "CMakeLists.txt:144 (check_c_compiler_flag)"
    checks:
      - "Performing Test HAVE_STACKREALIGN_FLAG"
    directories:
      source: "C:/Users/bahar/Programming/.cpp/Projects/Ping Pong/vcpkg_installed/vcpkg/blds/libflac/x64-windows-dbg/CMakeFiles/CMakeScratch/TryCompile-qr77ei"
      binary: "C:/Users/bahar/Programming/.cpp/Projects/Ping Pong/vcpkg_installed/vcpkg/blds/libflac/x64-windows-dbg/CMakeFiles/CMakeScratch/TryCompile-qr77ei"
    cmakeVariables:
      CMAKE_C_FLAGS: " /nologo /DWIN32 /D_WINDOWS /utf-8 /MP "
      CMAKE_EXE_LINKER_FLAGS: "/machine:x64"
      CMAKE_MODULE_PATH: "C:/Users/bahar/Programming/.cpp/Projects/Ping Pong/vcpkg_installed/vcpkg/blds/libflac/src/1.4.3-00043104ae.clean/cmake"
      CMAKE_MSVC_DEBUG_INFORMATION_FORMAT: ""
      CMAKE_MSVC_RUNTIME_LIBRARY: "MultiThreaded$<$<CONFIG:Debug>:Debug>$<$<STREQUAL:dynamic,dynamic>:DLL>"
      VCPKG_CHAINLOAD_TOOLCHAIN_FILE: "C:/Program Files/Microsoft Visual Studio/2022/Community/VC/vcpkg/scripts/toolchains/windows.cmake"
      VCPKG_CRT_LINKAGE: "dynamic"
      VCPKG_CXX_FLAGS: ""
      VCPKG_CXX_FLAGS_DEBUG: ""
      VCPKG_CXX_FLAGS_RELEASE: ""
      VCPKG_C_FLAGS: ""
      VCPKG_C_FLAGS_DEBUG: ""
      VCPKG_C_FLAGS_RELEASE: ""
      VCPKG_INSTALLED_DIR: "C:/Users/bahar/Programming/.cpp/Projects/Ping Pong/vcpkg_installed"
      VCPKG_LINKER_FLAGS: ""
      VCPKG_LINKER_FLAGS_DEBUG: ""
      VCPKG_LINKER_FLAGS_RELEASE: ""
      VCPKG_PLATFORM_TOOLSET: "v143"
      VCPKG_PREFER_SYSTEM_LIBS: "OFF"
      VCPKG_SET_CHARSET_FLAG: "ON"
      VCPKG_TARGET_ARCHITECTURE: "x64"
      VCPKG_TARGET_TRIPLET: "x64-windows"
      Z_VCPKG_ROOT_DIR: "C:/Program Files/Microsoft Visual Studio/2022/Community/VC/vcpkg"
    buildResult:
      variable: "HAVE_STACKREALIGN_FLAG"
      cached: true
      stdout: |
        Change Dir: 'C:/Users/bahar/Programming/.cpp/Projects/Ping Pong/vcpkg_installed/vcpkg/blds/libflac/x64-windows-dbg/CMakeFiles/CMakeScratch/TryCompile-qr77ei'
        
        Run Build Command(s): "C:/Program Files/Microsoft Visual Studio/2022/Community/Common7/IDE/CommonExtensions/Microsoft/CMake/Ninja/ninja.exe" -v cmTC_63b69
        [1/2] C:\\PROGRA~1\\MICROS~1\\2022\\COMMUN~1\\VC\\Tools\\MSVC\\1444~1.352\\bin\\Hostx64\\x64\\cl.exe  /nologo -DHAVE_STACKREALIGN_FLAG  /nologo /DWIN32 /D_WINDOWS /utf-8 /MP   /MDd /Z7 /Ob0 /Od /RTC1    -mstackrealign /showIncludes /FoCMakeFiles\\cmTC_63b69.dir\\src.c.obj /FdCMakeFiles\\cmTC_63b69.dir\\ /FS -c "C:\\Users\\bahar\\Programming\\.cpp\\Projects\\Ping Pong\\vcpkg_installed\\vcpkg\\blds\\libflac\\x64-windows-dbg\\CMakeFiles\\CMakeScratch\\TryCompile-qr77ei\\src.c"
        cl: командная строка warning D9002: пропуск неизвестного параметра "-mstackrealign"
        [2/2] C:\\WINDOWS\\system32\\cmd.exe /C "cd . && "C:\\Program Files\\Microsoft Visual Studio\\2022\\Community\\Common7\\IDE\\CommonExtensions\\Microsoft\\CMake\\CMake\\bin\\cmake.exe" -E vs_link_exe --msvc-ver=1944 --intdir=CMakeFiles\\cmTC_63b69.dir --rc=C:\\PROGRA~2\\WI3CF2~1\\10\\bin\\100261~1.0\\x64\\rc.exe --mt=C:\\PROGRA~2\\WI3CF2~1\\10\\bin\\100261~1.0\\x64\\mt.exe --manifests  -- C:\\PROGRA~1\\MICROS~1\\2022\\COMMUN~1\\VC\\Tools\\MSVC\\1444~1.352\\bin\\Hostx64\\x64\\link.exe /nologo CMakeFiles\\cmTC_63b69.dir\\src.c.obj  /out:cmTC_63b69.exe /implib:cmTC_63b69.lib /pdb:cmTC_63b69.pdb /version:0.0 /machine:x64  /nologo    /debug /INCREMENTAL /subsystem:console  kernel32.lib user32.lib gdi32.lib winspool.lib shell32.lib ole32.lib oleaut32.lib uuid.lib comdlg32.lib advapi32.lib && cd ."
        
      exitCode: 0
  -
    kind: "try_compile-v1"
    backtrace:
      - "C:/Program Files/Microsoft Visual Studio/2022/Community/Common7/IDE/CommonExtensions/Microsoft/CMake/CMake/share/cmake-3.31/Modules/Internal/CheckSourceCompiles.cmake:108 (try_compile)"
      - "C:/Program Files/Microsoft Visual Studio/2022/Community/Common7/IDE/CommonExtensions/Microsoft/CMake/CMake/share/cmake-3.31/Modules/Internal/CheckCompilerFlag.cmake:18 (cmake_check_source_compiles)"
      - "C:/Program Files/Microsoft Visual Studio/2022/Community/Common7/IDE/CommonExtensions/Microsoft/CMake/CMake/share/cmake-3.31/Modules/CheckCXXCompilerFlag.cmake:55 (cmake_check_compiler_flag)"
      - "CMakeLists.txt:145 (check_cxx_compiler_flag)"
    checks:
      - "Performing Test HAVE_WEFFCXX_FLAG"
    directories:
      source: "C:/Users/bahar/Programming/.cpp/Projects/Ping Pong/vcpkg_installed/vcpkg/blds/libflac/x64-windows-dbg/CMakeFiles/CMakeScratch/TryCompile-1ojp33"
      binary: "C:/Users/bahar/Programming/.cpp/Projects/Ping Pong/vcpkg_installed/vcpkg/blds/libflac/x64-windows-dbg/CMakeFiles/CMakeScratch/TryCompile-1ojp33"
    cmakeVariables:
      CMAKE_CXX_FLAGS: " /nologo /DWIN32 /D_WINDOWS /utf-8 /GR /EHsc /MP "
      CMAKE_EXE_LINKER_FLAGS: "/machine:x64"
      CMAKE_MODULE_PATH: "C:/Users/bahar/Programming/.cpp/Projects/Ping Pong/vcpkg_installed/vcpkg/blds/libflac/src/1.4.3-00043104ae.clean/cmake"
      CMAKE_MSVC_DEBUG_INFORMATION_FORMAT: ""
      CMAKE_MSVC_RUNTIME_LIBRARY: "MultiThreaded$<$<CONFIG:Debug>:Debug>$<$<STREQUAL:dynamic,dynamic>:DLL>"
      VCPKG_CHAINLOAD_TOOLCHAIN_FILE: "C:/Program Files/Microsoft Visual Studio/2022/Community/VC/vcpkg/scripts/toolchains/windows.cmake"
      VCPKG_CRT_LINKAGE: "dynamic"
      VCPKG_CXX_FLAGS: ""
      VCPKG_CXX_FLAGS_DEBUG: ""
      VCPKG_CXX_FLAGS_RELEASE: ""
      VCPKG_C_FLAGS: ""
      VCPKG_C_FLAGS_DEBUG: ""
      VCPKG_C_FLAGS_RELEASE: ""
      VCPKG_INSTALLED_DIR: "C:/Users/bahar/Programming/.cpp/Projects/Ping Pong/vcpkg_installed"
      VCPKG_LINKER_FLAGS: ""
      VCPKG_LINKER_FLAGS_DEBUG: ""
      VCPKG_LINKER_FLAGS_RELEASE: ""
      VCPKG_PLATFORM_TOOLSET: "v143"
      VCPKG_PREFER_SYSTEM_LIBS: "OFF"
      VCPKG_SET_CHARSET_FLAG: "ON"
      VCPKG_TARGET_ARCHITECTURE: "x64"
      VCPKG_TARGET_TRIPLET: "x64-windows"
      Z_VCPKG_ROOT_DIR: "C:/Program Files/Microsoft Visual Studio/2022/Community/VC/vcpkg"
    buildResult:
      variable: "HAVE_WEFFCXX_FLAG"
      cached: true
      stdout: |
        Change Dir: 'C:/Users/bahar/Programming/.cpp/Projects/Ping Pong/vcpkg_installed/vcpkg/blds/libflac/x64-windows-dbg/CMakeFiles/CMakeScratch/TryCompile-1ojp33'
        
        Run Build Command(s): "C:/Program Files/Microsoft Visual Studio/2022/Community/Common7/IDE/CommonExtensions/Microsoft/CMake/Ninja/ninja.exe" -v cmTC_4a303
        [1/2] C:\\PROGRA~1\\MICROS~1\\2022\\COMMUN~1\\VC\\Tools\\MSVC\\1444~1.352\\bin\\Hostx64\\x64\\cl.exe  /nologo /TP -DHAVE_WEFFCXX_FLAG  /nologo /DWIN32 /D_WINDOWS /utf-8 /GR /EHsc /MP   /MDd /Z7 /Ob0 /Od /RTC1    -Weffc++ /showIncludes /FoCMakeFiles\\cmTC_4a303.dir\\src.cxx.obj /FdCMakeFiles\\cmTC_4a303.dir\\ /FS -c "C:\\Users\\bahar\\Programming\\.cpp\\Projects\\Ping Pong\\vcpkg_installed\\vcpkg\\blds\\libflac\\x64-windows-dbg\\CMakeFiles\\CMakeScratch\\TryCompile-1ojp33\\src.cxx"
        FAILED: CMakeFiles/cmTC_4a303.dir/src.cxx.obj 
        C:\\PROGRA~1\\MICROS~1\\2022\\COMMUN~1\\VC\\Tools\\MSVC\\1444~1.352\\bin\\Hostx64\\x64\\cl.exe  /nologo /TP -DHAVE_WEFFCXX_FLAG  /nologo /DWIN32 /D_WINDOWS /utf-8 /GR /EHsc /MP   /MDd /Z7 /Ob0 /Od /RTC1    -Weffc++ /showIncludes /FoCMakeFiles\\cmTC_4a303.dir\\src.cxx.obj /FdCMakeFiles\\cmTC_4a303.dir\\ /FS -c "C:\\Users\\bahar\\Programming\\.cpp\\Projects\\Ping Pong\\vcpkg_installed\\vcpkg\\blds\\libflac\\x64-windows-dbg\\CMakeFiles\\CMakeScratch\\TryCompile-1ojp33\\src.cxx"
        cl: командная строка error D8021: недопустимый числовой аргумент "/Weffc++"
        ninja: build stopped: subcommand failed.
        
      exitCode: 1
  -
    kind: "try_compile-v1"
    backtrace:
      - "C:/Program Files/Microsoft Visual Studio/2022/Community/Common7/IDE/CommonExtensions/Microsoft/CMake/CMake/share/cmake-3.31/Modules/CheckIncludeFile.cmake:99 (try_compile)"
      - "src/libFLAC/CMakeLists.txt:3 (check_include_file)"
    checks:
      - "Looking for cpuid.h"
    directories:
      source: "C:/Users/bahar/Programming/.cpp/Projects/Ping Pong/vcpkg_installed/vcpkg/blds/libflac/x64-windows-dbg/CMakeFiles/CMakeScratch/TryCompile-s5g8xk"
      binary: "C:/Users/bahar/Programming/.cpp/Projects/Ping Pong/vcpkg_installed/vcpkg/blds/libflac/x64-windows-dbg/CMakeFiles/CMakeScratch/TryCompile-s5g8xk"
    cmakeVariables:
      CMAKE_C_FLAGS: " /nologo /DWIN32 /D_WINDOWS /utf-8 /MP "
      CMAKE_EXE_LINKER_FLAGS: "/machine:x64"
      CMAKE_MODULE_PATH: "C:/Users/bahar/Programming/.cpp/Projects/Ping Pong/vcpkg_installed/vcpkg/blds/libflac/src/1.4.3-00043104ae.clean/cmake"
      CMAKE_MSVC_DEBUG_INFORMATION_FORMAT: ""
      CMAKE_MSVC_RUNTIME_LIBRARY: "MultiThreaded$<$<CONFIG:Debug>:Debug>$<$<STREQUAL:dynamic,dynamic>:DLL>"
      VCPKG_CHAINLOAD_TOOLCHAIN_FILE: "C:/Program Files/Microsoft Visual Studio/2022/Community/VC/vcpkg/scripts/toolchains/windows.cmake"
      VCPKG_CRT_LINKAGE: "dynamic"
      VCPKG_CXX_FLAGS: ""
      VCPKG_CXX_FLAGS_DEBUG: ""
      VCPKG_CXX_FLAGS_RELEASE: ""
      VCPKG_C_FLAGS: ""
      VCPKG_C_FLAGS_DEBUG: ""
      VCPKG_C_FLAGS_RELEASE: ""
      VCPKG_INSTALLED_DIR: "C:/Users/bahar/Programming/.cpp/Projects/Ping Pong/vcpkg_installed"
      VCPKG_LINKER_FLAGS: ""
      VCPKG_LINKER_FLAGS_DEBUG: ""
      VCPKG_LINKER_FLAGS_RELEASE: ""
      VCPKG_PLATFORM_TOOLSET: "v143"
      VCPKG_PREFER_SYSTEM_LIBS: "OFF"
      VCPKG_SET_CHARSET_FLAG: "ON"
      VCPKG_TARGET_ARCHITECTURE: "x64"
      VCPKG_TARGET_TRIPLET: "x64-windows"
      Z_VCPKG_ROOT_DIR: "C:/Program Files/Microsoft Visual Studio/2022/Community/VC/vcpkg"
    buildResult:
      variable: "HAVE_CPUID_H"
      cached: true
      stdout: |
        Change Dir: 'C:/Users/bahar/Programming/.cpp/Projects/Ping Pong/vcpkg_installed/vcpkg/blds/libflac/x64-windows-dbg/CMakeFiles/CMakeScratch/TryCompile-s5g8xk'
        
        Run Build Command(s): "C:/Program Files/Microsoft Visual Studio/2022/Community/Common7/IDE/CommonExtensions/Microsoft/CMake/Ninja/ninja.exe" -v cmTC_14193
        [1/2] C:\\PROGRA~1\\MICROS~1\\2022\\COMMUN~1\\VC\\Tools\\MSVC\\1444~1.352\\bin\\Hostx64\\x64\\cl.exe  /nologo   /nologo /DWIN32 /D_WINDOWS /utf-8 /MP   /MDd /Z7 /Ob0 /Od /RTC1 /showIncludes /FoCMakeFiles\\cmTC_14193.dir\\CheckIncludeFile.c.obj /FdCMakeFiles\\cmTC_14193.dir\\ /FS -c "C:\\Users\\bahar\\Programming\\.cpp\\Projects\\Ping Pong\\vcpkg_installed\\vcpkg\\blds\\libflac\\x64-windows-dbg\\CMakeFiles\\CMakeScratch\\TryCompile-s5g8xk\\CheckIncludeFile.c"
        FAILED: CMakeFiles/cmTC_14193.dir/CheckIncludeFile.c.obj 
        C:\\PROGRA~1\\MICROS~1\\2022\\COMMUN~1\\VC\\Tools\\MSVC\\1444~1.352\\bin\\Hostx64\\x64\\cl.exe  /nologo   /nologo /DWIN32 /D_WINDOWS /utf-8 /MP   /MDd /Z7 /Ob0 /Od /RTC1 /showIncludes /FoCMakeFiles\\cmTC_14193.dir\\CheckIncludeFile.c.obj /FdCMakeFiles\\cmTC_14193.dir\\ /FS -c "C:\\Users\\bahar\\Programming\\.cpp\\Projects\\Ping Pong\\vcpkg_installed\\vcpkg\\blds\\libflac\\x64-windows-dbg\\CMakeFiles\\CMakeScratch\\TryCompile-s5g8xk\\CheckIncludeFile.c"
        C:\\Users\\bahar\\Programming\\.cpp\\Projects\\Ping Pong\\vcpkg_installed\\vcpkg\\blds\\libflac\\x64-windows-dbg\\CMakeFiles\\CMakeScratch\\TryCompile-s5g8xk\\CheckIncludeFile.c(1): fatal error C1083: Не удается открыть файл включение: cpuid.h: No such file or directory,
        ninja: build stopped: subcommand failed.
        
      exitCode: 1
  -
    kind: "try_compile-v1"
    backtrace:
      - "C:/Program Files/Microsoft Visual Studio/2022/Community/Common7/IDE/CommonExtensions/Microsoft/CMake/CMake/share/cmake-3.31/Modules/CheckIncludeFile.cmake:99 (try_compile)"
      - "src/libFLAC/CMakeLists.txt:4 (check_include_file)"
    checks:
      - "Looking for sys/param.h"
    directories:
      source: "C:/Users/bahar/Programming/.cpp/Projects/Ping Pong/vcpkg_installed/vcpkg/blds/libflac/x64-windows-dbg/CMakeFiles/CMakeScratch/TryCompile-sfc5q9"
      binary: "C:/Users/bahar/Programming/.cpp/Projects/Ping Pong/vcpkg_installed/vcpkg/blds/libflac/x64-windows-dbg/CMakeFiles/CMakeScratch/TryCompile-sfc5q9"
    cmakeVariables:
      CMAKE_C_FLAGS: " /nologo /DWIN32 /D_WINDOWS /utf-8 /MP "
      CMAKE_EXE_LINKER_FLAGS: "/machine:x64"
      CMAKE_MODULE_PATH: "C:/Users/bahar/Programming/.cpp/Projects/Ping Pong/vcpkg_installed/vcpkg/blds/libflac/src/1.4.3-00043104ae.clean/cmake"
      CMAKE_MSVC_DEBUG_INFORMATION_FORMAT: ""
      CMAKE_MSVC_RUNTIME_LIBRARY: "MultiThreaded$<$<CONFIG:Debug>:Debug>$<$<STREQUAL:dynamic,dynamic>:DLL>"
      VCPKG_CHAINLOAD_TOOLCHAIN_FILE: "C:/Program Files/Microsoft Visual Studio/2022/Community/VC/vcpkg/scripts/toolchains/windows.cmake"
      VCPKG_CRT_LINKAGE: "dynamic"
      VCPKG_CXX_FLAGS: ""
      VCPKG_CXX_FLAGS_DEBUG: ""
      VCPKG_CXX_FLAGS_RELEASE: ""
      VCPKG_C_FLAGS: ""
      VCPKG_C_FLAGS_DEBUG: ""
      VCPKG_C_FLAGS_RELEASE: ""
      VCPKG_INSTALLED_DIR: "C:/Users/bahar/Programming/.cpp/Projects/Ping Pong/vcpkg_installed"
      VCPKG_LINKER_FLAGS: ""
      VCPKG_LINKER_FLAGS_DEBUG: ""
      VCPKG_LINKER_FLAGS_RELEASE: ""
      VCPKG_PLATFORM_TOOLSET: "v143"
      VCPKG_PREFER_SYSTEM_LIBS: "OFF"
      VCPKG_SET_CHARSET_FLAG: "ON"
      VCPKG_TARGET_ARCHITECTURE: "x64"
      VCPKG_TARGET_TRIPLET: "x64-windows"
      Z_VCPKG_ROOT_DIR: "C:/Program Files/Microsoft Visual Studio/2022/Community/VC/vcpkg"
    buildResult:
      variable: "HAVE_SYS_PARAM_H"
      cached: true
      stdout: |
        Change Dir: 'C:/Users/bahar/Programming/.cpp/Projects/Ping Pong/vcpkg_installed/vcpkg/blds/libflac/x64-windows-dbg/CMakeFiles/CMakeScratch/TryCompile-sfc5q9'
        
        Run Build Command(s): "C:/Program Files/Microsoft Visual Studio/2022/Community/Common7/IDE/CommonExtensions/Microsoft/CMake/Ninja/ninja.exe" -v cmTC_7f5f9
        [1/2] C:\\PROGRA~1\\MICROS~1\\2022\\COMMUN~1\\VC\\Tools\\MSVC\\1444~1.352\\bin\\Hostx64\\x64\\cl.exe  /nologo   /nologo /DWIN32 /D_WINDOWS /utf-8 /MP   /MDd /Z7 /Ob0 /Od /RTC1 /showIncludes /FoCMakeFiles\\cmTC_7f5f9.dir\\CheckIncludeFile.c.obj /FdCMakeFiles\\cmTC_7f5f9.dir\\ /FS -c "C:\\Users\\bahar\\Programming\\.cpp\\Projects\\Ping Pong\\vcpkg_installed\\vcpkg\\blds\\libflac\\x64-windows-dbg\\CMakeFiles\\CMakeScratch\\TryCompile-sfc5q9\\CheckIncludeFile.c"
        FAILED: CMakeFiles/cmTC_7f5f9.dir/CheckIncludeFile.c.obj 
        C:\\PROGRA~1\\MICROS~1\\2022\\COMMUN~1\\VC\\Tools\\MSVC\\1444~1.352\\bin\\Hostx64\\x64\\cl.exe  /nologo   /nologo /DWIN32 /D_WINDOWS /utf-8 /MP   /MDd /Z7 /Ob0 /Od /RTC1 /showIncludes /FoCMakeFiles\\cmTC_7f5f9.dir\\CheckIncludeFile.c.obj /FdCMakeFiles\\cmTC_7f5f9.dir\\ /FS -c "C:\\Users\\bahar\\Programming\\.cpp\\Projects\\Ping Pong\\vcpkg_installed\\vcpkg\\blds\\libflac\\x64-windows-dbg\\CMakeFiles\\CMakeScratch\\TryCompile-sfc5q9\\CheckIncludeFile.c"
        C:\\Users\\bahar\\Programming\\.cpp\\Projects\\Ping Pong\\vcpkg_installed\\vcpkg\\blds\\libflac\\x64-windows-dbg\\CMakeFiles\\CMakeScratch\\TryCompile-sfc5q9\\CheckIncludeFile.c(1): fatal error C1083: Не удается открыть файл включение: sys/param.h: No such file or directory,
        ninja: build stopped: subcommand failed.
        
      exitCode: 1
  -
    kind: "try_compile-v1"
    backtrace:
      - "C:/Program Files/Microsoft Visual Studio/2022/Community/Common7/IDE/CommonExtensions/Microsoft/CMake/CMake/share/cmake-3.31/Modules/CheckFunctionExists.cmake:93 (try_compile)"
      - "src/libFLAC/CMakeLists.txt:7 (check_function_exists)"
    checks:
      - "Looking for lround"
    directories:
      source: "C:/Users/bahar/Programming/.cpp/Projects/Ping Pong/vcpkg_installed/vcpkg/blds/libflac/x64-windows-dbg/CMakeFiles/CMakeScratch/TryCompile-fnhg1f"
      binary: "C:/Users/bahar/Programming/.cpp/Projects/Ping Pong/vcpkg_installed/vcpkg/blds/libflac/x64-windows-dbg/CMakeFiles/CMakeScratch/TryCompile-fnhg1f"
    cmakeVariables:
      CMAKE_C_FLAGS: " /nologo /DWIN32 /D_WINDOWS /utf-8 /MP "
      CMAKE_EXE_LINKER_FLAGS: "/machine:x64"
      CMAKE_MODULE_PATH: "C:/Users/bahar/Programming/.cpp/Projects/Ping Pong/vcpkg_installed/vcpkg/blds/libflac/src/1.4.3-00043104ae.clean/cmake"
      CMAKE_MSVC_DEBUG_INFORMATION_FORMAT: ""
      CMAKE_MSVC_RUNTIME_LIBRARY: "MultiThreaded$<$<CONFIG:Debug>:Debug>$<$<STREQUAL:dynamic,dynamic>:DLL>"
      VCPKG_CHAINLOAD_TOOLCHAIN_FILE: "C:/Program Files/Microsoft Visual Studio/2022/Community/VC/vcpkg/scripts/toolchains/windows.cmake"
      VCPKG_CRT_LINKAGE: "dynamic"
      VCPKG_CXX_FLAGS: ""
      VCPKG_CXX_FLAGS_DEBUG: ""
      VCPKG_CXX_FLAGS_RELEASE: ""
      VCPKG_C_FLAGS: ""
      VCPKG_C_FLAGS_DEBUG: ""
      VCPKG_C_FLAGS_RELEASE: ""
      VCPKG_INSTALLED_DIR: "C:/Users/bahar/Programming/.cpp/Projects/Ping Pong/vcpkg_installed"
      VCPKG_LINKER_FLAGS: ""
      VCPKG_LINKER_FLAGS_DEBUG: ""
      VCPKG_LINKER_FLAGS_RELEASE: ""
      VCPKG_PLATFORM_TOOLSET: "v143"
      VCPKG_PREFER_SYSTEM_LIBS: "OFF"
      VCPKG_SET_CHARSET_FLAG: "ON"
      VCPKG_TARGET_ARCHITECTURE: "x64"
      VCPKG_TARGET_TRIPLET: "x64-windows"
      Z_VCPKG_ROOT_DIR: "C:/Program Files/Microsoft Visual Studio/2022/Community/VC/vcpkg"
    buildResult:
      variable: "HAVE_LROUND"
      cached: true
      stdout: |
        Change Dir: 'C:/Users/bahar/Programming/.cpp/Projects/Ping Pong/vcpkg_installed/vcpkg/blds/libflac/x64-windows-dbg/CMakeFiles/CMakeScratch/TryCompile-fnhg1f'
        
        Run Build Command(s): "C:/Program Files/Microsoft Visual Studio/2022/Community/Common7/IDE/CommonExtensions/Microsoft/CMake/Ninja/ninja.exe" -v cmTC_0377c
        [1/2] C:\\PROGRA~1\\MICROS~1\\2022\\COMMUN~1\\VC\\Tools\\MSVC\\1444~1.352\\bin\\Hostx64\\x64\\cl.exe  /nologo   /nologo /DWIN32 /D_WINDOWS /utf-8 /MP  -DCHECK_FUNCTION_EXISTS=lround /MDd /Z7 /Ob0 /Od /RTC1 /showIncludes /FoCMakeFiles\\cmTC_0377c.dir\\CheckFunctionExists.c.obj /FdCMakeFiles\\cmTC_0377c.dir\\ /FS -c "C:\\Users\\bahar\\Programming\\.cpp\\Projects\\Ping Pong\\vcpkg_installed\\vcpkg\\blds\\libflac\\x64-windows-dbg\\CMakeFiles\\CMakeScratch\\TryCompile-fnhg1f\\CheckFunctionExists.c"
        [2/2] C:\\WINDOWS\\system32\\cmd.exe /C "cd . && "C:\\Program Files\\Microsoft Visual Studio\\2022\\Community\\Common7\\IDE\\CommonExtensions\\Microsoft\\CMake\\CMake\\bin\\cmake.exe" -E vs_link_exe --msvc-ver=1944 --intdir=CMakeFiles\\cmTC_0377c.dir --rc=C:\\PROGRA~2\\WI3CF2~1\\10\\bin\\100261~1.0\\x64\\rc.exe --mt=C:\\PROGRA~2\\WI3CF2~1\\10\\bin\\100261~1.0\\x64\\mt.exe --manifests  -- C:\\PROGRA~1\\MICROS~1\\2022\\COMMUN~1\\VC\\Tools\\MSVC\\1444~1.352\\bin\\Hostx64\\x64\\link.exe /nologo CMakeFiles\\cmTC_0377c.dir\\CheckFunctionExists.c.obj  /out:cmTC_0377c.exe /implib:cmTC_0377c.lib /pdb:cmTC_0377c.pdb /version:0.0 /machine:x64  /nologo    /debug /INCREMENTAL /subsystem:console  m.lib  kernel32.lib user32.lib gdi32.lib winspool.lib shell32.lib ole32.lib oleaut32.lib uuid.lib comdlg32.lib advapi32.lib && cd ."
        FAILED: cmTC_0377c.exe 
        C:\\WINDOWS\\system32\\cmd.exe /C "cd . && "C:\\Program Files\\Microsoft Visual Studio\\2022\\Community\\Common7\\IDE\\CommonExtensions\\Microsoft\\CMake\\CMake\\bin\\cmake.exe" -E vs_link_exe --msvc-ver=1944 --intdir=CMakeFiles\\cmTC_0377c.dir --rc=C:\\PROGRA~2\\WI3CF2~1\\10\\bin\\100261~1.0\\x64\\rc.exe --mt=C:\\PROGRA~2\\WI3CF2~1\\10\\bin\\100261~1.0\\x64\\mt.exe --manifests  -- C:\\PROGRA~1\\MICROS~1\\2022\\COMMUN~1\\VC\\Tools\\MSVC\\1444~1.352\\bin\\Hostx64\\x64\\link.exe /nologo CMakeFiles\\cmTC_0377c.dir\\CheckFunctionExists.c.obj  /out:cmTC_0377c.exe /implib:cmTC_0377c.lib /pdb:cmTC_0377c.pdb /version:0.0 /machine:x64  /nologo    /debug /INCREMENTAL /subsystem:console  m.lib  kernel32.lib user32.lib gdi32.lib winspool.lib shell32.lib ole32.lib oleaut32.lib uuid.lib comdlg32.lib advapi32.lib && cd ."
        LINK Pass 1: command "C:\\PROGRA~1\\MICROS~1\\2022\\COMMUN~1\\VC\\Tools\\MSVC\\1444~1.352\\bin\\Hostx64\\x64\\link.exe /nologo CMakeFiles\\cmTC_0377c.dir\\CheckFunctionExists.c.obj /out:cmTC_0377c.exe /implib:cmTC_0377c.lib /pdb:cmTC_0377c.pdb /version:0.0 /machine:x64 /nologo /debug /INCREMENTAL /subsystem:console m.lib kernel32.lib user32.lib gdi32.lib winspool.lib shell32.lib ole32.lib oleaut32.lib uuid.lib comdlg32.lib advapi32.lib /MANIFEST /MANIFESTFILE:CMakeFiles\\cmTC_0377c.dir/intermediate.manifest CMakeFiles\\cmTC_0377c.dir/manifest.res" failed (exit code 1104) with the following output:
        LINK : fatal error LNK1104: не удается открыть файл "m.lib"\x0d
        ninja: build stopped: subcommand failed.
        
      exitCode: 1
  -
    kind: "try_compile-v1"
    backtrace:
      - "cmake/CheckCPUArch.cmake:6 (try_compile)"
      - "cmake/CheckCPUArch.cmake:18 (_CHECK_CPU_ARCH)"
      - "src/libFLAC/CMakeLists.txt:13 (check_cpu_arch_x64)"
    directories:
      source: "C:/Users/bahar/Programming/.cpp/Projects/Ping Pong/vcpkg_installed/vcpkg/blds/libflac/x64-windows-dbg/CMakeFiles/CMakeTmp"
      binary: "C:/Users/bahar/Programming/.cpp/Projects/Ping Pong/vcpkg_installed/vcpkg/blds/libflac/x64-windows-dbg/CMakeFiles/CMakeTmp"
    cmakeVariables:
      CMAKE_C_FLAGS: " /nologo /DWIN32 /D_WINDOWS /utf-8 /MP "
      CMAKE_C_FLAGS_DEBUG: "/MDd /Z7 /Ob0 /Od /RTC1 "
      CMAKE_EXE_LINKER_FLAGS: "/machine:x64"
      CMAKE_MODULE_PATH: "C:/Users/bahar/Programming/.cpp/Projects/Ping Pong/vcpkg_installed/vcpkg/blds/libflac/src/1.4.3-00043104ae.clean/cmake"
      CMAKE_MSVC_DEBUG_INFORMATION_FORMAT: ""
      CMAKE_MSVC_RUNTIME_LIBRARY: "MultiThreaded$<$<CONFIG:Debug>:Debug>$<$<STREQUAL:dynamic,dynamic>:DLL>"
      VCPKG_CHAINLOAD_TOOLCHAIN_FILE: "C:/Program Files/Microsoft Visual Studio/2022/Community/VC/vcpkg/scripts/toolchains/windows.cmake"
      VCPKG_CRT_LINKAGE: "dynamic"
      VCPKG_CXX_FLAGS: ""
      VCPKG_CXX_FLAGS_DEBUG: ""
      VCPKG_CXX_FLAGS_RELEASE: ""
      VCPKG_C_FLAGS: ""
      VCPKG_C_FLAGS_DEBUG: ""
      VCPKG_C_FLAGS_RELEASE: ""
      VCPKG_INSTALLED_DIR: "C:/Users/bahar/Programming/.cpp/Projects/Ping Pong/vcpkg_installed"
      VCPKG_LINKER_FLAGS: ""
      VCPKG_LINKER_FLAGS_DEBUG: ""
      VCPKG_LINKER_FLAGS_RELEASE: ""
      VCPKG_PLATFORM_TOOLSET: "v143"
      VCPKG_PREFER_SYSTEM_LIBS: "OFF"
      VCPKG_SET_CHARSET_FLAG: "ON"
      VCPKG_TARGET_ARCHITECTURE: "x64"
      VCPKG_TARGET_TRIPLET: "x64-windows"
      Z_VCPKG_ROOT_DIR: "C:/Program Files/Microsoft Visual Studio/2022/Community/VC/vcpkg"
    buildResult:
      variable: "HAVE_FLAC__CPU_X86_64"
      cached: true
      stdout: |
        Change Dir: 'C:/Users/bahar/Programming/.cpp/Projects/Ping Pong/vcpkg_installed/vcpkg/blds/libflac/x64-windows-dbg/CMakeFiles/CMakeTmp'
        
        Run Build Command(s): "C:/Program Files/Microsoft Visual Studio/2022/Community/Common7/IDE/CommonExtensions/Microsoft/CMake/Ninja/ninja.exe" -v cmTC_85a11
        [1/2] C:\\PROGRA~1\\MICROS~1\\2022\\COMMUN~1\\VC\\Tools\\MSVC\\1444~1.352\\bin\\Hostx64\\x64\\cl.exe  /nologo   /nologo /DWIN32 /D_WINDOWS /utf-8 /MP   /MDd /Z7 /Ob0 /Od /RTC1 /showIncludes /FoCMakeFiles\\cmTC_85a11.dir\\CheckCPUArch.c.obj /FdCMakeFiles\\cmTC_85a11.dir\\ /FS -c "C:\\Users\\bahar\\Programming\\.cpp\\Projects\\Ping Pong\\vcpkg_installed\\vcpkg\\blds\\libflac\\x64-windows-dbg\\CMakeFiles\\CMakeTmp\\CheckCPUArch.c"
        [2/2] C:\\WINDOWS\\system32\\cmd.exe /C "cd . && "C:\\Program Files\\Microsoft Visual Studio\\2022\\Community\\Common7\\IDE\\CommonExtensions\\Microsoft\\CMake\\CMake\\bin\\cmake.exe" -E vs_link_exe --msvc-ver=1944 --intdir=CMakeFiles\\cmTC_85a11.dir --rc=C:\\PROGRA~2\\WI3CF2~1\\10\\bin\\100261~1.0\\x64\\rc.exe --mt=C:\\PROGRA~2\\WI3CF2~1\\10\\bin\\100261~1.0\\x64\\mt.exe --manifests  -- C:\\PROGRA~1\\MICROS~1\\2022\\COMMUN~1\\VC\\Tools\\MSVC\\1444~1.352\\bin\\Hostx64\\x64\\link.exe /nologo CMakeFiles\\cmTC_85a11.dir\\CheckCPUArch.c.obj  /out:cmTC_85a11.exe /implib:cmTC_85a11.lib /pdb:cmTC_85a11.pdb /version:0.0 /machine:x64  /nologo    /debug /INCREMENTAL /subsystem:console  kernel32.lib user32.lib gdi32.lib winspool.lib shell32.lib ole32.lib oleaut32.lib uuid.lib comdlg32.lib advapi32.lib && cd ."
        
      exitCode: 0
  -
    kind: "try_compile-v1"
    backtrace:
      - "C:/Program Files/Microsoft Visual Studio/2022/Community/Common7/IDE/CommonExtensions/Microsoft/CMake/CMake/share/cmake-3.31/Modules/Internal/CheckSourceCompiles.cmake:108 (try_compile)"
      - "C:/Program Files/Microsoft Visual Studio/2022/Community/Common7/IDE/CommonExtensions/Microsoft/CMake/CMake/share/cmake-3.31/Modules/Internal/CheckCompilerFlag.cmake:18 (cmake_check_source_compiles)"
      - "C:/Program Files/Microsoft Visual Studio/2022/Community/Common7/IDE/CommonExtensions/Microsoft/CMake/CMake/share/cmake-3.31/Modules/CheckCCompilerFlag.cmake:56 (cmake_check_compiler_flag)"
      - "src/libFLAC/CMakeLists.txt:101 (check_c_compiler_flag)"
    checks:
      - "Performing Test HAVE_ASSOC_MATH"
    directories:
      source: "C:/Users/bahar/Programming/.cpp/Projects/Ping Pong/vcpkg_installed/vcpkg/blds/libflac/x64-windows-dbg/CMakeFiles/CMakeScratch/TryCompile-im439r"
      binary: "C:/Users/bahar/Programming/.cpp/Projects/Ping Pong/vcpkg_installed/vcpkg/blds/libflac/x64-windows-dbg/CMakeFiles/CMakeScratch/TryCompile-im439r"
    cmakeVariables:
      CMAKE_C_FLAGS: " /nologo /DWIN32 /D_WINDOWS /utf-8 /MP "
      CMAKE_EXE_LINKER_FLAGS: "/machine:x64"
      CMAKE_MODULE_PATH: "C:/Users/bahar/Programming/.cpp/Projects/Ping Pong/vcpkg_installed/vcpkg/blds/libflac/src/1.4.3-00043104ae.clean/cmake"
      CMAKE_MSVC_DEBUG_INFORMATION_FORMAT: ""
      CMAKE_MSVC_RUNTIME_LIBRARY: "MultiThreaded$<$<CONFIG:Debug>:Debug>$<$<STREQUAL:dynamic,dynamic>:DLL>"
      VCPKG_CHAINLOAD_TOOLCHAIN_FILE: "C:/Program Files/Microsoft Visual Studio/2022/Community/VC/vcpkg/scripts/toolchains/windows.cmake"
      VCPKG_CRT_LINKAGE: "dynamic"
      VCPKG_CXX_FLAGS: ""
      VCPKG_CXX_FLAGS_DEBUG: ""
      VCPKG_CXX_FLAGS_RELEASE: ""
      VCPKG_C_FLAGS: ""
      VCPKG_C_FLAGS_DEBUG: ""
      VCPKG_C_FLAGS_RELEASE: ""
      VCPKG_INSTALLED_DIR: "C:/Users/bahar/Programming/.cpp/Projects/Ping Pong/vcpkg_installed"
      VCPKG_LINKER_FLAGS: ""
      VCPKG_LINKER_FLAGS_DEBUG: ""
      VCPKG_LINKER_FLAGS_RELEASE: ""
      VCPKG_PLATFORM_TOOLSET: "v143"
      VCPKG_PREFER_SYSTEM_LIBS: "OFF"
      VCPKG_SET_CHARSET_FLAG: "ON"
      VCPKG_TARGET_ARCHITECTURE: "x64"
      VCPKG_TARGET_TRIPLET: "x64-windows"
      Z_VCPKG_ROOT_DIR: "C:/Program Files/Microsoft Visual Studio/2022/Community/VC/vcpkg"
    buildResult:
      variable: "HAVE_ASSOC_MATH"
      cached: true
      stdout: |
        Change Dir: 'C:/Users/bahar/Programming/.cpp/Projects/Ping Pong/vcpkg_installed/vcpkg/blds/libflac/x64-windows-dbg/CMakeFiles/CMakeScratch/TryCompile-im439r'
        
        Run Build Command(s): "C:/Program Files/Microsoft Visual Studio/2022/Community/Common7/IDE/CommonExtensions/Microsoft/CMake/Ninja/ninja.exe" -v cmTC_a1039
        [1/2] C:\\PROGRA~1\\MICROS~1\\2022\\COMMUN~1\\VC\\Tools\\MSVC\\1444~1.352\\bin\\Hostx64\\x64\\cl.exe  /nologo -DHAVE_ASSOC_MATH  /nologo /DWIN32 /D_WINDOWS /utf-8 /MP   /MDd /Z7 /Ob0 /Od /RTC1    -fassociative-math -fno-signed-zeros -fno-trapping-math -freciprocal-math /showIncludes /FoCMakeFiles\\cmTC_a1039.dir\\src.c.obj /FdCMakeFiles\\cmTC_a1039.dir\\ /FS -c "C:\\Users\\bahar\\Programming\\.cpp\\Projects\\Ping Pong\\vcpkg_installed\\vcpkg\\blds\\libflac\\x64-windows-dbg\\CMakeFiles\\CMakeScratch\\TryCompile-im439r\\src.c"
        cl: командная строка warning D9002: пропуск неизвестного параметра "-fassociative-math"
        cl: командная строка warning D9002: пропуск неизвестного параметра "-fno-signed-zeros"
        cl: командная строка warning D9002: пропуск неизвестного параметра "-fno-trapping-math"
        cl: командная строка warning D9002: пропуск неизвестного параметра "-freciprocal-math"
        [2/2] C:\\WINDOWS\\system32\\cmd.exe /C "cd . && "C:\\Program Files\\Microsoft Visual Studio\\2022\\Community\\Common7\\IDE\\CommonExtensions\\Microsoft\\CMake\\CMake\\bin\\cmake.exe" -E vs_link_exe --msvc-ver=1944 --intdir=CMakeFiles\\cmTC_a1039.dir --rc=C:\\PROGRA~2\\WI3CF2~1\\10\\bin\\100261~1.0\\x64\\rc.exe --mt=C:\\PROGRA~2\\WI3CF2~1\\10\\bin\\100261~1.0\\x64\\mt.exe --manifests  -- C:\\PROGRA~1\\MICROS~1\\2022\\COMMUN~1\\VC\\Tools\\MSVC\\1444~1.352\\bin\\Hostx64\\x64\\link.exe /nologo CMakeFiles\\cmTC_a1039.dir\\src.c.obj  /out:cmTC_a1039.exe /implib:cmTC_a1039.lib /pdb:cmTC_a1039.pdb /version:0.0 /machine:x64  /nologo    /debug /INCREMENTAL /subsystem:console  m.lib  kernel32.lib user32.lib gdi32.lib winspool.lib shell32.lib ole32.lib oleaut32.lib uuid.lib comdlg32.lib advapi32.lib && cd ."
        FAILED: cmTC_a1039.exe 
        C:\\WINDOWS\\system32\\cmd.exe /C "cd . && "C:\\Program Files\\Microsoft Visual Studio\\2022\\Community\\Common7\\IDE\\CommonExtensions\\Microsoft\\CMake\\CMake\\bin\\cmake.exe" -E vs_link_exe --msvc-ver=1944 --intdir=CMakeFiles\\cmTC_a1039.dir --rc=C:\\PROGRA~2\\WI3CF2~1\\10\\bin\\100261~1.0\\x64\\rc.exe --mt=C:\\PROGRA~2\\WI3CF2~1\\10\\bin\\100261~1.0\\x64\\mt.exe --manifests  -- C:\\PROGRA~1\\MICROS~1\\2022\\COMMUN~1\\VC\\Tools\\MSVC\\1444~1.352\\bin\\Hostx64\\x64\\link.exe /nologo CMakeFiles\\cmTC_a1039.dir\\src.c.obj  /out:cmTC_a1039.exe /implib:cmTC_a1039.lib /pdb:cmTC_a1039.pdb /version:0.0 /machine:x64  /nologo    /debug /INCREMENTAL /subsystem:console  m.lib  kernel32.lib user32.lib gdi32.lib winspool.lib shell32.lib ole32.lib oleaut32.lib uuid.lib comdlg32.lib advapi32.lib && cd ."
        LINK Pass 1: command "C:\\PROGRA~1\\MICROS~1\\2022\\COMMUN~1\\VC\\Tools\\MSVC\\1444~1.352\\bin\\Hostx64\\x64\\link.exe /nologo CMakeFiles\\cmTC_a1039.dir\\src.c.obj /out:cmTC_a1039.exe /implib:cmTC_a1039.lib /pdb:cmTC_a1039.pdb /version:0.0 /machine:x64 /nologo /debug /INCREMENTAL /subsystem:console m.lib kernel32.lib user32.lib gdi32.lib winspool.lib shell32.lib ole32.lib oleaut32.lib uuid.lib comdlg32.lib advapi32.lib /MANIFEST /MANIFESTFILE:CMakeFiles\\cmTC_a1039.dir/intermediate.manifest CMakeFiles\\cmTC_a1039.dir/manifest.res" failed (exit code 1104) with the following output:
        LINK : fatal error LNK1104: не удается открыть файл "m.lib"\x0d
        ninja: build stopped: subcommand failed.
        
      exitCode: 1
  -
    kind: "try_compile-v1"
    backtrace:
      - "C:/Program Files/Microsoft Visual Studio/2022/Community/Common7/IDE/CommonExtensions/Microsoft/CMake/CMake/share/cmake-3.31/Modules/CheckIncludeFile.cmake:99 (try_compile)"
      - "src/share/getopt/CMakeLists.txt:1 (check_include_file)"
    checks:
      - "Looking for string.h"
    directories:
      source: "C:/Users/bahar/Programming/.cpp/Projects/Ping Pong/vcpkg_installed/vcpkg/blds/libflac/x64-windows-dbg/CMakeFiles/CMakeScratch/TryCompile-zd6by0"
      binary: "C:/Users/bahar/Programming/.cpp/Projects/Ping Pong/vcpkg_installed/vcpkg/blds/libflac/x64-windows-dbg/CMakeFiles/CMakeScratch/TryCompile-zd6by0"
    cmakeVariables:
      CMAKE_C_FLAGS: " /nologo /DWIN32 /D_WINDOWS /utf-8 /MP "
      CMAKE_EXE_LINKER_FLAGS: "/machine:x64"
      CMAKE_MODULE_PATH: "C:/Users/bahar/Programming/.cpp/Projects/Ping Pong/vcpkg_installed/vcpkg/blds/libflac/src/1.4.3-00043104ae.clean/cmake"
      CMAKE_MSVC_DEBUG_INFORMATION_FORMAT: ""
      CMAKE_MSVC_RUNTIME_LIBRARY: "MultiThreaded$<$<CONFIG:Debug>:Debug>$<$<STREQUAL:dynamic,dynamic>:DLL>"
      VCPKG_CHAINLOAD_TOOLCHAIN_FILE: "C:/Program Files/Microsoft Visual Studio/2022/Community/VC/vcpkg/scripts/toolchains/windows.cmake"
      VCPKG_CRT_LINKAGE: "dynamic"
      VCPKG_CXX_FLAGS: ""
      VCPKG_CXX_FLAGS_DEBUG: ""
      VCPKG_CXX_FLAGS_RELEASE: ""
      VCPKG_C_FLAGS: ""
      VCPKG_C_FLAGS_DEBUG: ""
      VCPKG_C_FLAGS_RELEASE: ""
      VCPKG_INSTALLED_DIR: "C:/Users/bahar/Programming/.cpp/Projects/Ping Pong/vcpkg_installed"
      VCPKG_LINKER_FLAGS: ""
      VCPKG_LINKER_FLAGS_DEBUG: ""
      VCPKG_LINKER_FLAGS_RELEASE: ""
      VCPKG_PLATFORM_TOOLSET: "v143"
      VCPKG_PREFER_SYSTEM_LIBS: "OFF"
      VCPKG_SET_CHARSET_FLAG: "ON"
      VCPKG_TARGET_ARCHITECTURE: "x64"
      VCPKG_TARGET_TRIPLET: "x64-windows"
      Z_VCPKG_ROOT_DIR: "C:/Program Files/Microsoft Visual Studio/2022/Community/VC/vcpkg"
    buildResult:
      variable: "HAVE_STRING_H"
      cached: true
      stdout: |
        Change Dir: 'C:/Users/bahar/Programming/.cpp/Projects/Ping Pong/vcpkg_installed/vcpkg/blds/libflac/x64-windows-dbg/CMakeFiles/CMakeScratch/TryCompile-zd6by0'
        
        Run Build Command(s): "C:/Program Files/Microsoft Visual Studio/2022/Community/Common7/IDE/CommonExtensions/Microsoft/CMake/Ninja/ninja.exe" -v cmTC_23ead
        [1/2] C:\\PROGRA~1\\MICROS~1\\2022\\COMMUN~1\\VC\\Tools\\MSVC\\1444~1.352\\bin\\Hostx64\\x64\\cl.exe  /nologo   /nologo /DWIN32 /D_WINDOWS /utf-8 /MP   /MDd /Z7 /Ob0 /Od /RTC1 /showIncludes /FoCMakeFiles\\cmTC_23ead.dir\\CheckIncludeFile.c.obj /FdCMakeFiles\\cmTC_23ead.dir\\ /FS -c "C:\\Users\\bahar\\Programming\\.cpp\\Projects\\Ping Pong\\vcpkg_installed\\vcpkg\\blds\\libflac\\x64-windows-dbg\\CMakeFiles\\CMakeScratch\\TryCompile-zd6by0\\CheckIncludeFile.c"
        [2/2] C:\\WINDOWS\\system32\\cmd.exe /C "cd . && "C:\\Program Files\\Microsoft Visual Studio\\2022\\Community\\Common7\\IDE\\CommonExtensions\\Microsoft\\CMake\\CMake\\bin\\cmake.exe" -E vs_link_exe --msvc-ver=1944 --intdir=CMakeFiles\\cmTC_23ead.dir --rc=C:\\PROGRA~2\\WI3CF2~1\\10\\bin\\100261~1.0\\x64\\rc.exe --mt=C:\\PROGRA~2\\WI3CF2~1\\10\\bin\\100261~1.0\\x64\\mt.exe --manifests  -- C:\\PROGRA~1\\MICROS~1\\2022\\COMMUN~1\\VC\\Tools\\MSVC\\1444~1.352\\bin\\Hostx64\\x64\\link.exe /nologo CMakeFiles\\cmTC_23ead.dir\\CheckIncludeFile.c.obj  /out:cmTC_23ead.exe /implib:cmTC_23ead.lib /pdb:cmTC_23ead.pdb /version:0.0 /machine:x64  /nologo    /debug /INCREMENTAL /subsystem:console  kernel32.lib user32.lib gdi32.lib winspool.lib shell32.lib ole32.lib oleaut32.lib uuid.lib comdlg32.lib advapi32.lib && cd ."
        
      exitCode: 0
...
